馬匹編號,騎師,勝率
HK_2019_D241,,0.0
HK_2019_D241,布文,0.0
HK_2019_D241,希威森,0.0
HK_2019_D241,梁家俊,0.0
HK_2019_D241,湯普新,0.0
HK_2019_D241,潘頓,0.0
HK_2019_D241,田泰安,0.15
HK_2019_D241,蔡明紹,0.0
HK_2019_D241,貝知仁,0.0
HK_2019_D241,金誠剛,0.0
HK_2019_D241,鍾易禮,0.0
HK_2020_E058,,0.0
HK_2020_E058,布文,0.15
HK_2020_E058,梁家俊,0.0
HK_2020_E058,潘頓,0.0
HK_2020_E058,艾道拿,0.09090909090909091
HK_2020_E058,莫雷拉,0.15
HK_2020_E058,蔡明紹,0.0
HK_2020_E061,布文,0.15
HK_2020_E061,希威森,0.0
HK_2020_E061,杜苑欣,0.0
HK_2020_E061,梁家俊,0.0
HK_2020_E061,楊明綸,0.0
HK_2020_E061,潘頓,0.15
HK_2020_E061,班德禮,0.0
HK_2020_E061,田泰安,0.0
HK_2020_E061,紀仁安,0.0
HK_2020_E061,艾兆禮,0.0
HK_2020_E061,董明朗,0.15
HK_2020_E061,袁幸堯,0.0
HK_2020_E061,金誠剛,0.0
HK_2020_E061,霍宏聲,0.15
HK_2020_E061,黃寶妮,0.0
HK_2020_E061,黃智弘,0.0
HK_2020_E175,奧爾民,0.0
HK_2020_E175,布文,0.0
HK_2020_E175,布浩榮,0.0
HK_2020_E175,李寶利,0.0
HK_2020_E175,班德禮,0.0
HK_2020_E175,貝知仁,0.0
HK_2020_E175,霍宏聲,0.15
HK_2020_E175,麥文堅,0.0
HK_2020_E175,黃寶妮,0.0
HK_2020_E175,黃智弘,0.0
HK_2020_E301,奧爾民,0.0
HK_2020_E301,巴度,0.15
HK_2020_E301,布文,0.1111111111111111
HK_2020_E301,梁家俊,0.0
HK_2020_E301,蔡明紹,0.0
HK_2020_E301,貝知仁,0.0
HK_2020_E301,霍宏聲,0.0
HK_2020_E356,周俊樂,0.0
HK_2020_E356,潘明輝,0.0
HK_2020_E356,田泰安,0.0
HK_2020_E356,艾兆禮,0.0
HK_2020_E356,袁幸堯,0.0
HK_2020_E356,霍宏聲,0.15
HK_2020_E436,,0.0
HK_2020_E436,周俊樂,0.0
HK_2020_E436,潘明輝,0.0
HK_2020_E436,潘頓,0.15
HK_2020_E436,艾兆禮,0.0
HK_2020_E436,麥道朗,0.15
HK_2020_E471,,0.0
HK_2020_E471,巴米高,0.0
HK_2020_E471,布浩榮,0.0
HK_2020_E471,梁家俊,0.0
HK_2020_E471,潘明輝,0.1111111111111111
HK_2020_E471,潘頓,0.0
HK_2020_E471,田泰安,0.0
HK_2020_E471,艾道拿,0.0
HK_2020_E471,金誠剛,0.15
HK_2020_E471,鍾易禮,0.0
HK_2020_E471,麥道朗,0.0
HK_2020_E471,黃寶妮,0.0
HK_2020_E488,何澤堯,0.0
HK_2020_E488,周俊樂,0.0
HK_2020_E488,希威森,0.0
HK_2020_E488,楊明綸,0.0
HK_2020_E488,潘頓,0.15
HK_2020_E488,田泰安,0.0
HK_2020_E488,艾兆禮,0.0
HK_2020_E488,蔡明紹,0.0
HK_2021_G095,布文,0.0
HK_2021_G095,希威森,0.0
HK_2021_G095,梁家俊,0.0
HK_2021_G095,艾兆禮,0.0
HK_2021_G095,霍宏聲,0.0
HK_2021_G125,周俊樂,0.0
HK_2021_G125,奧爾民,0.0
HK_2021_G125,潘明輝,0.125
HK_2021_G125,田泰安,0.0
HK_2021_G125,簡國能,0.0
HK_2021_G125,紀仁安,0.0
HK_2021_G125,蔡明紹,0.125
HK_2021_G125,黃智弘,0.0
HK_2021_G180,,0.0
HK_2021_G180,梁家俊,0.1111111111111111
HK_2021_G180,麥道朗,0.0
HK_2021_G192,,0.0
HK_2021_G192,周俊樂,0.0
HK_2021_G192,湯普新,0.0
HK_2021_G192,潘明輝,0.0
HK_2021_G192,艾兆禮,0.0
HK_2021_G192,蔡明紹,0.0
HK_2021_G192,蘇銘倫,0.0
HK_2021_G192,貝知仁,0.0
HK_2021_G192,麥文堅,0.0
HK_2021_G192,黃智弘,0.0
HK_2021_G209,周俊樂,0.0
HK_2021_G209,奧爾民,0.0
HK_2021_G209,巫顯東,0.0
HK_2021_G209,希威森,0.0
HK_2021_G209,田泰安,0.0
HK_2021_G209,董明朗,0.0
HK_2021_G209,賀銘年,0.125
HK_2021_G265,,0.0
HK_2021_G265,周俊樂,0.0
HK_2021_G265,巴度,0.0
HK_2021_G265,艾道拿,0.0
HK_2021_G265,蔡明紹,0.125
HK_2021_G265,鍾易禮,0.0
HK_2021_G265,黃寶妮,0.15
HK_2021_G265,黃智弘,0.0
HK_2021_G268,,0.0
HK_2021_G268,何澤堯,0.15
HK_2021_G268,巫顯東,0.0
HK_2021_G268,巴度,0.0
HK_2021_G268,希威森,0.0
HK_2021_G268,梁家俊,0.0
HK_2021_G268,楊明綸,0.0
HK_2021_G268,艾兆禮,0.0
HK_2021_G268,董明朗,0.0
HK_2021_G268,賀銘年,0.0
HK_2021_G277,奧爾民,0.0
HK_2021_G277,巫顯東,0.0
HK_2021_G277,巴度,0.15
HK_2021_G277,布文,0.0
HK_2021_G277,希威森,0.15
HK_2021_G277,梁家俊,0.0
HK_2021_G277,艾兆禮,0.0
HK_2021_G277,艾道拿,0.0
HK_2021_G277,蔡明紹,0.0
HK_2021_G277,鍾易禮,0.0
HK_2021_G277,麥文堅,0.0
HK_2021_G277,黃寶妮,0.0
HK_2021_G292,,0.0
HK_2021_G292,巴度,0.0
HK_2021_G292,班德禮,0.0
HK_2021_G292,田泰安,0.0
HK_2021_G292,艾兆禮,0.0
HK_2021_G292,霍宏聲,0.0
HK_2021_G306,梁家俊,0.0
HK_2021_G306,潘明輝,0.10526315789473684
HK_2021_G306,田泰安,0.0
HK_2021_G306,蔡明紹,0.0
HK_2021_G306,霍宏聲,0.0
HK_2021_G306,黃智弘,0.0
HK_2021_G307,布文,0.0
HK_2021_G307,希威森,0.0
HK_2021_G307,班德禮,0.1
HK_2021_G307,艾兆禮,0.0
HK_2021_G307,艾道拿,0.0
HK_2021_G307,蔡明紹,0.0
HK_2021_G307,金誠剛,0.0
HK_2021_G307,霍宏聲,0.0
HK_2021_G307,麥道朗,0.15
HK_2021_G312,,0.0
HK_2021_G312,周俊樂,0.0
HK_2021_G312,巴度,0.0
HK_2021_G312,布文,0.0
HK_2021_G312,杜苑欣,0.0
HK_2021_G312,楊明綸,0.0
HK_2021_G312,潘頓,0.15
HK_2021_G312,艾兆禮,0.0
HK_2021_G312,艾道拿,0.0
HK_2021_G312,蔡明紹,0.0
HK_2021_G368,,0.0
HK_2021_G368,巴度,0.0
HK_2021_G368,潘明輝,0.0
HK_2021_G368,潘頓,0.0
HK_2021_G368,田泰安,0.0
HK_2021_G368,艾兆禮,0.15
HK_2021_G368,艾道拿,0.0
HK_2021_G368,莫雅,0.0
HK_2021_G368,董明朗,0.0
HK_2021_G368,蔡明紹,0.0
HK_2021_G368,貝知仁,0.0
HK_2021_G368,鍾易禮,0.0
HK_2021_G368,霍宏聲,0.0
HK_2021_G404,周俊樂,0.0
HK_2021_G404,希威森,0.0
HK_2021_G404,梁家俊,0.0
HK_2021_G404,楊明綸,0.0
HK_2021_G404,潘頓,0.0
HK_2021_G404,班德禮,0.0
HK_2021_G404,田泰安,0.0
HK_2021_G404,莫雷拉,0.0
HK_2021_G404,袁幸堯,0.15
HK_2021_G404,鍾易禮,0.15
HK_2021_G462,,0.0
HK_2021_G462,奧爾民,0.0
HK_2021_G462,布文,0.15
HK_2021_G462,希威森,0.0
HK_2021_G462,楊明綸,0.0
HK_2021_G462,潘明輝,0.15
HK_2021_G462,潘頓,0.15
HK_2021_G463,,0.0
HK_2021_G463,奧爾民,0.0
HK_2021_G463,梁家俊,0.15
HK_2021_G463,湯普新,0.09090909090909091
HK_2021_G463,潘頓,0.15
HK_2021_G463,田泰安,0.14285714285714285
HK_2021_G463,鍾易禮,0.0
HK_2021_G463,麥文堅,0.0
HK_2021_G465,周俊樂,0.0
HK_2021_G465,巴度,0.14285714285714285
HK_2021_G465,布宜學,0.0
HK_2021_G465,布文,0.0
HK_2021_G465,希威森,0.0
HK_2021_G465,梁家俊,0.0
HK_2021_G465,潘頓,0.0
HK_2021_G465,紀仁安,0.0
HK_2021_G465,蔡明紹,0.0
HK_2021_G465,賀銘年,0.0
HK_2021_G465,鍾易禮,0.0
HK_2021_G465,韋紀力,0.15
HK_2021_G476,何澤堯,0.0
HK_2021_G476,周俊樂,0.1111111111111111
HK_2021_G476,巴度,0.0
HK_2021_G476,布文,0.0
HK_2021_G476,布浩榮,0.0
HK_2021_G476,梁家俊,0.0
HK_2021_G476,潘明輝,0.0
HK_2021_G476,潘頓,0.0
HK_2021_G476,班德禮,0.0
HK_2021_G476,簡國能,0.0
HK_2021_G476,艾兆禮,0.0
HK_2021_G476,艾道拿,0.0
HK_2021_G476,蔡明紹,0.0
HK_2021_H011,,0.0
HK_2021_H011,何澤堯,0.0
HK_2021_H011,潘頓,0.15
HK_2021_H011,班德禮,0.0
HK_2021_H011,田泰安,0.0
HK_2021_H011,艾兆禮,0.0
HK_2021_H011,蔡明紹,0.14285714285714285
HK_2021_H011,金誠剛,0.0
HK_2022_H037,,0.0
HK_2022_H037,奧爾民,0.0
HK_2022_H037,巴度,0.0
HK_2022_H037,潘頓,0.0
HK_2022_H037,艾兆禮,0.125
HK_2022_H037,艾道拿,0.0
HK_2022_H037,莫雅,0.0
HK_2022_H037,麥文堅,0.0
HK_2022_H037,麥道朗,0.15
HK_2022_H041,,0.0
HK_2022_H041,周俊樂,0.07142857142857142
HK_2022_H041,布文,0.0
HK_2022_H041,希威森,0.0
HK_2022_H041,梁家俊,0.0
HK_2022_H041,蔡明紹,0.0
HK_2022_H041,賀銘年,0.0
HK_2022_H041,霍宏聲,0.0
HK_2022_H041,黃寶妮,0.0
HK_2022_H044,何澤堯,0.0
HK_2022_H044,周俊樂,0.0
HK_2022_H044,希威森,0.1111111111111111
HK_2022_H044,楊明綸,0.0
HK_2022_H044,班德禮,0.0
HK_2022_H044,董明朗,0.0
HK_2022_H044,金誠剛,0.0
HK_2022_H044,麥文堅,0.0
HK_2022_H057,巴度,0.14285714285714285
HK_2022_H057,希威森,0.0
HK_2022_H057,艾兆禮,0.0
HK_2022_H057,艾道拿,0.15
HK_2022_H057,金誠剛,0.0
HK_2022_H057,鍾易禮,0.0
HK_2022_H070,周俊樂,0.0
HK_2022_H070,布文,0.0
HK_2022_H070,希威森,0.07692307692307693
HK_2022_H070,杜苑欣,0.0
HK_2022_H070,潘頓,0.0
HK_2022_H070,田泰安,0.0
HK_2022_H070,金美琪,0.0
HK_2022_H070,黃智弘,0.0
HK_2022_H087,何澤堯,0.15
HK_2022_H087,巴度,0.0
HK_2022_H087,布宜學,0.0
HK_2022_H087,李寶利,0.0
HK_2022_H087,梁家俊,0.0
HK_2022_H087,潘明輝,0.0
HK_2022_H087,田泰安,0.0
HK_2022_H087,紀仁安,0.0
HK_2022_H087,蔡明紹,0.0
HK_2022_H087,霍宏聲,0.0
HK_2022_H092,,0.0
HK_2022_H092,巴度,0.0
HK_2022_H092,布文,0.0
HK_2022_H092,蔡明紹,0.15
HK_2022_H092,鍾易禮,0.0625
HK_2022_H095,奧爾民,0.0
HK_2022_H095,布文,0.0
HK_2022_H095,布浩榮,0.0
HK_2022_H095,希威森,0.15
HK_2022_H095,田泰安,0.0
HK_2022_H095,蔡明紹,0.0
HK_2022_H095,金誠剛,0.0
HK_2022_H095,霍宏聲,0.0
HK_2022_H108,周俊樂,0.15
HK_2022_H108,布文,0.0
HK_2022_H108,希威森,0.0
HK_2022_H108,田泰安,0.15
HK_2022_H108,艾兆禮,0.0
HK_2022_H108,艾道拿,0.0
HK_2022_H108,霍宏聲,0.15
HK_2022_H108,麥道朗,0.0
HK_2022_H110,奧爾民,0.0
HK_2022_H110,布文,0.15
HK_2022_H110,楊明綸,0.0
HK_2022_H110,班德禮,0.0
HK_2022_H110,董明朗,0.0
HK_2022_H110,蔡明紹,0.0
HK_2022_H110,貝知仁,0.0
HK_2022_H110,霍宏聲,0.0
HK_2022_H110,麥文堅,0.0
HK_2022_H113,周俊樂,0.0
HK_2022_H113,巴度,0.0
HK_2022_H113,田泰安,0.0
HK_2022_H113,紀仁安,0.0
HK_2022_H113,鍾易禮,0.05555555555555555
HK_2022_H116,周俊樂,0.0
HK_2022_H116,巴米高,0.0
HK_2022_H116,布文,0.15
HK_2022_H116,希威森,0.0
HK_2022_H116,班德禮,0.0
HK_2022_H116,田泰安,0.0
HK_2022_H116,艾道拿,0.0
HK_2022_H116,董明朗,0.0
HK_2022_H116,蔡明紹,0.0
HK_2022_H116,賀銘年,0.0
HK_2022_H116,金誠剛,0.0
HK_2022_H117,杜苑欣,0.0
HK_2022_H117,梁家俊,0.0
HK_2022_H117,田泰安,0.0
HK_2022_H117,紀仁安,0.0
HK_2022_H117,艾兆禮,0.14285714285714285
HK_2022_H117,袁幸堯,0.0
HK_2022_H117,鍾易禮,0.0
HK_2022_H117,黃寶妮,0.0
HK_2022_H120,,0.0
HK_2022_H120,巴度,0.15
HK_2022_H120,布文,0.0
HK_2022_H120,莫雅,0.0
HK_2022_H120,莫雷拉,0.0
HK_2022_H120,賀銘年,0.0
HK_2022_H120,金誠剛,0.0
HK_2022_H120,麥道朗,0.0
HK_2022_H120,黃智弘,0.0
HK_2022_H123,巴度,0.15
HK_2022_H123,布文,0.15
HK_2022_H123,田泰安,0.0
HK_2022_H123,艾道拿,0.0
HK_2022_H123,賀銘年,0.0
HK_2022_H134,何澤堯,0.0
HK_2022_H134,布宜學,0.0
HK_2022_H134,杜苑欣,0.0
HK_2022_H134,班德禮,0.1111111111111111
HK_2022_H134,蔡明紹,0.0
HK_2022_H134,袁幸堯,0.0
HK_2022_H134,貝知仁,0.0
HK_2022_H134,鍾易禮,0.0
HK_2022_H134,黃寶妮,0.0
HK_2022_H134,黃智弘,0.0
HK_2022_H155,,0.0
HK_2022_H155,希威森,0.0
HK_2022_H155,梁家俊,0.14285714285714285
HK_2022_H155,楊明綸,0.0
HK_2022_H155,潘明輝,0.15
HK_2022_H155,田泰安,0.15
HK_2022_H155,蔡明紹,0.0
HK_2022_H155,袁幸堯,0.0
HK_2022_H155,金誠剛,0.0
HK_2022_H155,麥道朗,0.15
HK_2022_H155,黃寶妮,0.0
HK_2022_H155,黃智弘,0.0
HK_2022_H161,巴度,0.0
HK_2022_H161,布文,0.0
HK_2022_H161,湯普新,0.0
HK_2022_H161,潘頓,0.15
HK_2022_H161,田泰安,0.0
HK_2022_H161,紀仁安,0.0
HK_2022_H161,艾兆禮,0.0
HK_2022_H161,艾道拿,0.0
HK_2022_H161,莫雅,0.0
HK_2022_H161,賀銘年,0.0
HK_2022_H161,韋紀力,0.15
HK_2022_H165,,0.0
HK_2022_H165,奧爾民,0.0
HK_2022_H165,巴度,0.0
HK_2022_H165,布文,0.0
HK_2022_H165,希威森,0.0
HK_2022_H165,楊明綸,0.0
HK_2022_H165,潘明輝,0.0
HK_2022_H165,潘頓,0.15
HK_2022_H165,田泰安,0.0
HK_2022_H165,艾兆禮,0.0
HK_2022_H165,麥道朗,0.0
HK_2022_H168,巴度,0.125
HK_2022_H168,布文,0.0
HK_2022_H168,艾兆禮,0.0
HK_2022_H168,艾道拿,0.0
HK_2022_H168,鍾易禮,0.0
HK_2022_H173,周俊樂,0.15
HK_2022_H173,布文,0.0
HK_2022_H173,布浩榮,0.15
HK_2022_H173,潘明輝,0.1111111111111111
HK_2022_H173,潘頓,0.0
HK_2022_H173,田泰安,0.0
HK_2022_H173,艾兆禮,0.0
HK_2022_H173,霍宏聲,0.0
HK_2022_H175,何澤堯,0.0
HK_2022_H175,巴度,0.125
HK_2022_H175,布文,0.0
HK_2022_H175,杜苑欣,0.0
HK_2022_H175,梁家俊,0.0
HK_2022_H175,紀仁安,0.0
HK_2022_H175,艾兆禮,0.0
HK_2022_H175,黃寶妮,0.0
HK_2022_H177,,0.0
HK_2022_H177,何澤堯,0.0
HK_2022_H177,巫顯東,0.0
HK_2022_H177,巴度,0.15
HK_2022_H177,楊明綸,0.07692307692307693
HK_2022_H180,何澤堯,0.0
HK_2022_H180,巴度,0.0
HK_2022_H180,潘明輝,0.15
HK_2022_H180,田泰安,0.0
HK_2022_H180,金誠剛,0.0
HK_2022_H196,奧爾民,0.0
HK_2022_H196,潘大衛,0.0
HK_2022_H196,潘頓,0.15
HK_2022_H196,班德禮,0.0
HK_2022_H196,田泰安,0.15
HK_2022_H196,艾兆禮,0.0
HK_2022_H196,黃智弘,0.0
HK_2022_H197,巴度,0.10526315789473684
HK_2022_H197,潘大衛,0.0
HK_2022_H197,潘明輝,0.0
HK_2022_H197,班德禮,0.0
HK_2022_H197,艾兆禮,0.15
HK_2022_H197,金誠剛,0.0
HK_2022_H197,麥當能,0.0
HK_2022_H197,黃智弘,0.0
HK_2022_H203,,0.0
HK_2022_H203,何澤堯,0.15
HK_2022_H203,周俊樂,0.0
HK_2022_H203,布文,0.0
HK_2022_H203,希威森,0.0
HK_2022_H203,梁家俊,0.0
HK_2022_H203,潘頓,0.0
HK_2022_H203,班德禮,0.0
HK_2022_H203,田泰安,0.0
HK_2022_H203,艾兆禮,0.15
HK_2022_H203,艾道拿,0.0
HK_2022_H203,麥道朗,0.0
HK_2022_H207,何澤堯,0.15
HK_2022_H207,巴度,0.0
HK_2022_H207,楊明綸,0.0
HK_2022_H207,田泰安,0.0
HK_2022_H207,蔡明紹,0.0
HK_2022_H207,霍宏聲,0.15
HK_2022_H207,黃寶妮,0.0
HK_2022_H208,何澤堯,0.0
HK_2022_H208,布文,0.0
HK_2022_H208,希威森,0.0
HK_2022_H208,楊明綸,0.0
HK_2022_H208,潘頓,0.15
HK_2022_H208,班德禮,0.0
HK_2022_H208,紀仁安,0.0
HK_2022_H208,艾兆禮,0.0
HK_2022_H208,艾道拿,0.0
HK_2022_H208,蔡明紹,0.0
HK_2022_H208,鍾易禮,0.0
HK_2022_H208,霍宏聲,0.0
HK_2022_H212,,0.0
HK_2022_H212,何澤堯,0.0
HK_2022_H212,周俊樂,0.0
HK_2022_H212,奧爾民,0.0
HK_2022_H212,布文,0.15
HK_2022_H212,布浩榮,0.0
HK_2022_H212,希威森,0.0
HK_2022_H212,潘頓,0.0
HK_2022_H212,班德禮,0.0
HK_2022_H212,田泰安,0.0
HK_2022_H212,紀仁安,0.0
HK_2022_H212,莫雷拉,0.0
HK_2022_H212,霍宏聲,0.0
HK_2022_H215,周俊樂,0.0
HK_2022_H215,布文,0.15
HK_2022_H215,布浩榮,0.0
HK_2022_H215,潘頓,0.0
HK_2022_H215,班德禮,0.125
HK_2022_H215,艾道拿,0.0
HK_2022_H215,霍宏聲,0.0
HK_2022_H215,黃寶妮,0.0
HK_2022_H215,黃智弘,0.0
HK_2022_H216,,0.0
HK_2022_H216,何澤堯,0.0
HK_2022_H216,巴度,0.0
HK_2022_H216,布文,0.0
HK_2022_H216,艾兆禮,0.15
HK_2022_H216,莫雷拉,0.0
HK_2022_H216,金誠剛,0.0
HK_2022_H216,霍宏聲,0.0
HK_2022_H216,黃智弘,0.15
HK_2022_H219,楊明綸,0.08333333333333333
HK_2022_H219,湯普新,0.15
HK_2022_H219,田泰安,0.0
HK_2022_H219,蔡明紹,0.0
HK_2022_H219,蘇銘倫,0.0
HK_2022_H219,鍾易禮,0.0
HK_2022_H219,黃寶妮,0.0
HK_2022_H235,,0.0
HK_2022_H235,潘明輝,0.15
HK_2022_H235,班德禮,0.0
HK_2022_H235,蔡明紹,0.15
HK_2022_H235,貝知仁,0.0
HK_2022_H235,霍宏聲,0.0
HK_2022_H235,黃寶妮,0.0
HK_2022_H241,布文,0.15
HK_2022_H241,布浩榮,0.0
HK_2022_H241,楊明綸,0.0
HK_2022_H241,田泰安,0.0
HK_2022_H241,董明朗,0.0
HK_2022_H241,蔡明紹,0.15
HK_2022_H241,金誠剛,0.0
HK_2022_H241,霍宏聲,0.0
HK_2022_H252,何澤堯,0.0
HK_2022_H252,奧爾民,0.0
HK_2022_H252,班德禮,0.0
HK_2022_H252,紀仁安,0.0
HK_2022_H252,董明朗,0.0
HK_2022_H252,霍宏聲,0.0
HK_2022_H276,,0.0
HK_2022_H276,潘明輝,0.0
HK_2022_H276,田泰安,0.15
HK_2022_H276,紀仁安,0.0
HK_2022_H276,艾道拿,0.0
HK_2022_H276,鍾易禮,0.0
HK_2022_H276,黃寶妮,0.0
HK_2022_H283,奧爾民,0.0
HK_2022_H283,希威森,0.15
HK_2022_H283,楊明綸,0.0
HK_2022_H283,湯普新,0.15
HK_2022_H283,潘大衛,0.0
HK_2022_H283,班德禮,0.15
HK_2022_H283,田泰安,0.0
HK_2022_H283,莫雷拉,0.0
HK_2022_H283,董明朗,0.0
HK_2022_H283,蔡明紹,0.0
HK_2022_H283,霍宏聲,0.0
HK_2022_H283,黃智弘,0.0
HK_2022_H289,,0.0
HK_2022_H289,周俊樂,0.0
HK_2022_H289,希威森,0.0
HK_2022_H289,杜苑欣,0.0
HK_2022_H289,潘明輝,0.0
HK_2022_H289,潘頓,0.14285714285714285
HK_2022_H289,田泰安,0.0
HK_2022_H289,艾兆禮,0.0
HK_2022_H289,霍宏聲,0.0
HK_2022_H289,黃寶妮,0.0
HK_2022_H293,巴度,0.15
HK_2022_H293,希威森,0.0
HK_2022_H293,梁家俊,0.0
HK_2022_H293,潘頓,0.0
HK_2022_H293,田泰安,0.0
HK_2022_H293,艾兆禮,0.0
HK_2022_H293,鍾易禮,0.0
HK_2022_H294,周俊樂,0.0
HK_2022_H294,巴度,0.15
HK_2022_H294,布文,0.0
HK_2022_H294,潘明輝,0.0
HK_2022_H294,潘頓,0.15
HK_2022_H294,田泰安,0.0
HK_2022_H294,艾兆禮,0.0
HK_2022_H294,蔡明紹,0.0
HK_2022_H294,薛恩,0.0
HK_2022_H294,鍾易禮,0.0
HK_2022_H298,何澤堯,0.0
HK_2022_H298,周俊樂,0.0
HK_2022_H298,奧爾民,0.0
HK_2022_H298,布文,0.0
HK_2022_H298,杜苑欣,0.0
HK_2022_H298,梁家俊,0.0
HK_2022_H298,楊明綸,0.0
HK_2022_H298,潘明輝,0.0
HK_2022_H298,艾兆禮,0.0
HK_2022_H298,鍾易禮,0.0
HK_2022_H298,霍宏聲,0.15
HK_2022_H298,麥文堅,0.0
HK_2022_H302,巴度,0.0
HK_2022_H302,布文,0.07142857142857142
HK_2022_H302,艾兆禮,0.0
HK_2022_H303,何澤堯,0.0
HK_2022_H303,希威森,0.0
HK_2022_H303,潘頓,0.0
HK_2022_H303,班德禮,0.15
HK_2022_H303,田泰安,0.0
HK_2022_H303,霍宏聲,0.0
HK_2022_H311,,0.0
HK_2022_H311,梁家俊,0.15
HK_2022_H311,潘頓,0.0
HK_2022_H311,班德禮,0.0
HK_2022_H311,霍宏聲,0.0
HK_2022_H317,巴度,0.0
HK_2022_H317,布文,0.15
HK_2022_H317,潘頓,0.0
HK_2022_H317,班德禮,0.15
HK_2022_H317,艾兆禮,0.0
HK_2022_H317,麥道朗,0.0
HK_2022_H317,黃寶妮,0.0
HK_2022_H321,,0.0
HK_2022_H321,周俊樂,0.0
HK_2022_H321,潘明輝,0.15
HK_2022_H321,田泰安,0.0
HK_2022_H321,艾兆禮,0.0
HK_2022_H321,蔡明紹,0.0
HK_2022_H321,袁幸堯,0.0
HK_2022_H321,黃智弘,0.0
HK_2022_H325,,0.0
HK_2022_H325,nan,0.0
HK_2022_H325,何澤堯,0.0
HK_2022_H325,奧爾民,0.0
HK_2022_H325,楊明綸,0.1111111111111111
HK_2022_H325,潘頓,0.0
HK_2022_H325,艾道拿,0.0
HK_2022_H325,蔡明紹,0.0
HK_2022_H325,賀銘年,0.0
HK_2022_H325,鍾易禮,0.0
HK_2022_H325,黃智弘,0.0
HK_2022_H334,奧爾民,0.0
HK_2022_H334,布文,0.0
HK_2022_H334,潘頓,0.0
HK_2022_H334,艾道拿,0.0
HK_2022_H334,蔡明紹,0.0
HK_2022_H334,鍾易禮,0.15
HK_2022_H334,霍宏聲,0.0
HK_2022_H337,周俊樂,0.15
HK_2022_H337,巫顯東,0.0
HK_2022_H337,潘明輝,0.0
HK_2022_H337,田泰安,0.0
HK_2022_H337,艾道拿,0.0
HK_2022_H337,鍾易禮,0.0
HK_2022_H337,麥道朗,0.15
HK_2022_H337,黃寶妮,0.15
HK_2022_H338,奧爾民,0.0
HK_2022_H338,布文,0.15
HK_2022_H338,潘頓,0.0
HK_2022_H338,田泰安,0.0
HK_2022_H338,艾兆禮,0.0
HK_2022_H338,莫雷拉,0.0
HK_2022_H338,薛恩,0.0
HK_2022_H338,霍宏聲,0.0
HK_2022_H338,黃寶妮,0.0
HK_2022_H339,,0.0
HK_2022_H339,何澤堯,0.0
HK_2022_H339,希威森,0.15
HK_2022_H339,潘頓,0.0
HK_2022_H339,田泰安,0.0
HK_2022_H339,艾兆禮,0.0
HK_2022_H339,艾道拿,0.0
HK_2022_H339,蔡明紹,0.15
HK_2022_H339,鍾易禮,0.0
HK_2022_H349,周俊樂,0.0
HK_2022_H349,奧爾民,0.0
HK_2022_H349,潘明輝,0.0
HK_2022_H349,紀仁安,0.0
HK_2022_H349,袁幸堯,0.15
HK_2022_H349,鍾易禮,0.0
HK_2022_H349,霍宏聲,0.0
HK_2022_H349,黃寶妮,0.0
HK_2022_H354,,0.0
HK_2022_H354,周俊樂,0.0
HK_2022_H354,巫顯東,0.0
HK_2022_H354,巴度,0.0
HK_2022_H354,希威森,0.15
HK_2022_H354,梁家俊,0.0
HK_2022_H354,潘明輝,0.0
HK_2022_H354,潘頓,0.0
HK_2022_H354,麥當能,0.0
HK_2022_H356,,0.0
HK_2022_H356,周俊樂,0.0
HK_2022_H356,巴度,0.0
HK_2022_H356,布文,0.0
HK_2022_H356,希威森,0.0
HK_2022_H356,杜苑欣,0.0
HK_2022_H356,班德禮,0.15
HK_2022_H356,田泰安,0.0
HK_2022_H356,艾兆禮,0.0
HK_2022_H356,馬昆,0.0
HK_2022_H368,,0.0
HK_2022_H368,布文,0.15
HK_2022_H368,楊明綸,0.0
HK_2022_H368,潘頓,0.0
HK_2022_H368,艾道拿,0.0
HK_2022_H368,賀銘年,0.15
HK_2022_H368,麥道朗,0.0
HK_2022_H376,希威森,0.0
HK_2022_H376,田泰安,0.0
HK_2022_H376,艾道拿,0.15
HK_2022_H376,袁幸堯,0.0
HK_2022_H376,貝知仁,0.0
HK_2022_H376,霍宏聲,0.0
HK_2022_H380,何澤堯,0.15
HK_2022_H380,巴米高,0.0
HK_2022_H380,希威森,0.15
HK_2022_H380,艾兆禮,0.0
HK_2022_H380,蔡明紹,0.0
HK_2022_H381,,0.0
HK_2022_H381,周俊樂,0.0
HK_2022_H381,巴度,0.0
HK_2022_H381,梁家俊,0.0
HK_2022_H381,潘明輝,0.0
HK_2022_H381,艾兆禮,0.15
HK_2022_H381,鍾易禮,0.0
HK_2022_H381,霍宏聲,0.15
HK_2022_H382,,0.0
HK_2022_H382,何澤堯,0.15
HK_2022_H382,周俊樂,0.0
HK_2022_H382,希威森,0.0
HK_2022_H382,杜苑欣,0.15
HK_2022_H382,梁家俊,0.0
HK_2022_H382,潘明輝,0.0
HK_2022_H382,潘頓,0.0
HK_2022_H382,蔡明紹,0.0
HK_2022_H382,麥文堅,0.0
HK_2022_H388,,0.0
HK_2022_H388,何澤堯,0.0
HK_2022_H388,周俊樂,0.0
HK_2022_H388,布文,0.0
HK_2022_H388,杜苑欣,0.0
HK_2022_H388,潘明輝,0.14285714285714285
HK_2022_H388,潘頓,0.0
HK_2022_H388,紀仁安,0.0
HK_2022_H388,艾兆禮,0.0
HK_2022_H388,艾道拿,0.0
HK_2022_H388,貝知仁,0.0
HK_2022_H388,金誠剛,0.0
HK_2022_H388,麥道朗,0.0
HK_2022_H392,希威森,0.0
HK_2022_H392,潘明輝,0.0
HK_2022_H392,潘頓,0.0
HK_2022_H392,袁幸堯,0.0
HK_2022_H392,金誠剛,0.0
HK_2022_H394,,0.0
HK_2022_H394,梁家俊,0.15
HK_2022_H394,潘明輝,0.0
HK_2022_H394,潘頓,0.0
HK_2022_H394,班德禮,0.0
HK_2022_H395,,0.0
HK_2022_H395,巴度,0.0
HK_2022_H395,布文,0.0
HK_2022_H395,潘明輝,0.0
HK_2022_H395,潘頓,0.15
HK_2022_H395,班德禮,0.0
HK_2022_H395,田泰安,0.0
HK_2022_H395,艾兆禮,0.0
HK_2022_H395,蔡明紹,0.0
HK_2022_H395,麥道朗,0.15
HK_2022_H396,奧爾民,0.0
HK_2022_H396,布文,0.0
HK_2022_H396,潘頓,0.15
HK_2022_H396,田泰安,0.15
HK_2022_H396,簡國能,0.0
HK_2022_H396,艾道拿,0.0
HK_2022_H396,黃寶妮,0.0
HK_2022_H399,何澤堯,0.15
HK_2022_H399,周俊樂,0.0
HK_2022_H399,潘頓,0.0
HK_2022_H399,田泰安,0.0
HK_2022_H399,紀仁安,0.0
HK_2022_H399,薛恩,0.0
HK_2022_H399,麥道朗,0.15
HK_2022_H405,何澤堯,0.0
HK_2022_H405,巴度,0.0
HK_2022_H405,潘頓,0.15
HK_2022_H405,艾道拿,0.0
HK_2022_H405,蔡明紹,0.0
HK_2022_H405,鍾易禮,0.15
HK_2022_H405,黃寶妮,0.15
HK_2022_H407,奧爾民,0.0
HK_2022_H407,巴度,0.0
HK_2022_H407,布文,0.0
HK_2022_H407,布浩榮,0.0
HK_2022_H407,希威森,0.0
HK_2022_H407,潘頓,0.0
HK_2022_H407,艾兆禮,0.0
HK_2022_H407,艾道拿,0.0
HK_2022_H407,董明朗,0.0
HK_2022_H407,霍宏聲,0.15
HK_2022_H407,黃智弘,0.15
HK_2022_H408,奧爾民,0.0
HK_2022_H408,巴度,0.0
HK_2022_H408,布文,0.0
HK_2022_H408,希威森,0.0
HK_2022_H408,楊明綸,0.0
HK_2022_H408,潘頓,0.15
HK_2022_H408,紀仁安,0.0
HK_2022_H408,莫雅,0.0
HK_2022_H408,董明朗,0.15
HK_2022_H408,貝知仁,0.0
HK_2022_H412,,0.0
HK_2022_H412,巴度,0.0
HK_2022_H412,布文,0.0
HK_2022_H412,希威森,0.0
HK_2022_H412,田泰安,0.0
HK_2022_H412,艾道拿,0.15
HK_2022_H418,奧爾民,0.0
HK_2022_H418,巴度,0.15
HK_2022_H418,布文,0.0
HK_2022_H418,希威森,0.0
HK_2022_H418,楊明綸,0.0
HK_2022_H418,艾道拿,0.15
HK_2022_H418,蔡明紹,0.0
HK_2022_H418,鍾易禮,0.0
HK_2022_H418,霍宏聲,0.0
HK_2022_H419,何澤堯,0.0
HK_2022_H419,奧爾民,0.0
HK_2022_H419,巴度,0.0
HK_2022_H419,布文,0.0
HK_2022_H419,梁家俊,0.0
HK_2022_H419,湯普新,0.0
HK_2022_H419,潘明輝,0.15
HK_2022_H419,潘頓,0.0
HK_2022_H419,田泰安,0.0
HK_2022_H419,艾兆禮,0.0
HK_2022_H419,麥道朗,0.0
HK_2022_H419,黃寶妮,0.0
HK_2022_H432,,0.0
HK_2022_H432,奧爾民,0.0
HK_2022_H432,布文,0.0
HK_2022_H432,梁家俊,0.0
HK_2022_H432,楊明綸,0.0
HK_2022_H432,潘明輝,0.15
HK_2022_H432,田泰安,0.0
HK_2022_H432,艾兆禮,0.0
HK_2022_H432,蔡明紹,0.0
HK_2022_H432,賀銘年,0.0
HK_2022_H432,黃智弘,0.0
HK_2022_H435,何澤堯,0.15
HK_2022_H435,巫顯東,0.0
HK_2022_H435,布文,0.0
HK_2022_H435,楊明綸,0.0
HK_2022_H435,潘頓,0.15
HK_2022_H435,班德禮,0.15
HK_2022_H435,董明朗,0.0
HK_2022_H435,蔡明紹,0.125
HK_2022_H436,,0.0
HK_2022_H436,奧爾民,0.0
HK_2022_H436,巴度,0.0
HK_2022_H436,布浩榮,0.15
HK_2022_H436,潘頓,0.0
HK_2022_H436,田泰安,0.15
HK_2022_H436,艾兆禮,0.0
HK_2022_H436,艾道拿,0.0
HK_2022_H436,蔡明紹,0.0
HK_2022_H436,賀銘年,0.0
HK_2022_H436,麥文堅,0.0
HK_2022_H439,,0.0
HK_2022_H439,奧爾民,0.0
HK_2022_H439,巴度,0.0
HK_2022_H439,布文,0.0
HK_2022_H439,布浩榮,0.0
HK_2022_H439,田泰安,0.0
HK_2022_H439,艾兆禮,0.14285714285714285
HK_2022_H439,艾道拿,0.0
HK_2022_H439,麥文堅,0.0
HK_2022_H447,何澤堯,0.0
HK_2022_H447,布文,0.0
HK_2022_H447,莫雷拉,0.15
HK_2022_H447,蔡明紹,0.0
HK_2022_H447,霍宏聲,0.0
HK_2022_H447,麥文堅,0.0
HK_2022_H447,麥道朗,0.0
HK_2022_H447,黃智弘,0.0
HK_2022_H450,,0.0
HK_2022_H450,周俊樂,0.0
HK_2022_H450,巫顯東,0.15
HK_2022_H450,巴度,0.0
HK_2022_H450,杜苑欣,0.0
HK_2022_H450,潘明輝,0.15
HK_2022_H450,田泰安,0.0
HK_2022_H450,賀銘年,0.0
HK_2022_H450,黃智弘,0.0
HK_2022_H451,,0.0
HK_2022_H451,巴度,0.0
HK_2022_H451,布文,0.0
HK_2022_H451,希威森,0.0
HK_2022_H451,潘頓,0.0
HK_2022_H451,班德禮,0.15
HK_2022_H451,鍾易禮,0.1
HK_2022_H452,,0.0
HK_2022_H452,潘頓,0.0
HK_2022_H452,田泰安,0.15
HK_2022_H452,艾兆禮,0.0
HK_2022_H452,艾道拿,0.0
HK_2022_H452,韋紀力,0.0
HK_2022_H452,麥文堅,0.0
HK_2022_H452,麥道朗,0.0
HK_2022_H453,周俊樂,0.0
HK_2022_H453,奧爾民,0.15
HK_2022_H453,希威森,0.0
HK_2022_H453,賀銘年,0.15
HK_2022_H453,霍宏聲,0.15
HK_2022_H453,黃寶妮,0.0
HK_2022_H454,何澤堯,0.1
HK_2022_H454,周俊樂,0.0
HK_2022_H454,奧爾民,0.0
HK_2022_H454,杜苑欣,0.0
HK_2022_H454,梁家俊,0.0
HK_2022_H454,潘明輝,0.0
HK_2022_H454,紀仁安,0.0
HK_2022_H454,艾兆禮,0.0
HK_2022_H454,霍宏聲,0.0
HK_2022_H454,黃寶妮,0.15
HK_2022_H454,黃智弘,0.0
HK_2022_H455,巴度,0.0
HK_2022_H455,潘頓,0.0
HK_2022_H455,田泰安,0.0
HK_2022_H455,鍾易禮,0.0
HK_2022_H455,霍宏聲,0.0
HK_2022_H459,何澤堯,0.15
HK_2022_H459,奧爾民,0.0
HK_2022_H459,希威森,0.0
HK_2022_H459,班德禮,0.0
HK_2022_H459,艾道拿,0.0
HK_2022_H459,莫雷拉,0.15
HK_2022_H459,霍宏聲,0.0
HK_2022_H459,黃智弘,0.0
HK_2022_H461,何澤堯,0.0
HK_2022_H461,周俊樂,0.0
HK_2022_H461,奧爾民,0.15
HK_2022_H461,李寶利,0.0
HK_2022_H461,潘大衛,0.0
HK_2022_H461,田泰安,0.15
HK_2022_H461,董明朗,0.15
HK_2022_H461,蔡明紹,0.0
HK_2022_H461,金誠剛,0.0
HK_2022_H461,麥當能,0.0
HK_2022_H461,黃智弘,0.0
HK_2022_H464,何澤堯,0.0
HK_2022_H464,杜苑欣,0.0
HK_2022_H464,田泰安,0.0
HK_2022_H464,艾兆禮,0.15
HK_2022_H464,艾道拿,0.0
HK_2022_H464,鍾易禮,0.0
HK_2022_H464,黃寶妮,0.14285714285714285
HK_2022_H464,黃智弘,0.0
HK_2022_H465,周俊樂,0.0
HK_2022_H465,奧爾民,0.15
HK_2022_H465,巫顯東,0.0
HK_2022_H465,梁家俊,0.0
HK_2022_H465,潘明輝,0.0
HK_2022_H465,紀仁安,0.15
HK_2022_H465,艾兆禮,0.0
HK_2022_H465,艾道拿,0.0
HK_2022_H465,苗傑美,0.0
HK_2022_H465,袁幸堯,0.0
HK_2022_H465,霍宏聲,0.0
HK_2022_H465,麥文堅,0.0
HK_2022_H475,巴度,0.0
HK_2022_H475,布文,0.0
HK_2022_H475,潘明輝,0.0
HK_2022_H475,潘頓,0.15
HK_2022_H475,班德禮,0.0
HK_2022_H475,田泰安,0.0
HK_2022_H475,董明朗,0.0
HK_2022_H475,袁幸堯,0.0
HK_2022_H475,鍾易禮,0.0
HK_2022_H475,黃寶妮,0.0
HK_2022_H481,周俊樂,0.0
HK_2022_H481,巴米高,0.0
HK_2022_H481,梁家俊,0.0
HK_2022_H481,楊明綸,0.0
HK_2022_H481,潘明輝,0.0
HK_2022_H481,潘頓,0.15
HK_2022_H481,田泰安,0.0
HK_2022_H481,艾兆禮,0.15
HK_2022_H481,蔡明紹,0.0
HK_2022_H485,何澤堯,0.0
HK_2022_H485,布文,0.15
HK_2022_H485,布浩榮,0.0
HK_2022_H485,梁家俊,0.15
HK_2022_H485,班德禮,0.0
HK_2022_H485,田泰安,0.15
HK_2022_H485,紀仁安,0.0
HK_2022_H485,艾兆禮,0.0
HK_2022_H485,董明朗,0.0
HK_2022_H485,金誠剛,0.0
HK_2022_H485,韋紀力,0.0
HK_2022_H486,,0.0
HK_2022_H486,楊明綸,0.15
HK_2022_H486,湯普新,0.0
HK_2022_H486,艾道拿,0.0
HK_2022_H486,蔡明紹,0.0
HK_2022_H486,鍾易禮,0.0
HK_2022_H486,麥道朗,0.0
HK_2022_H486,黃寶妮,0.0
HK_2023_J002,,0.0
HK_2023_J002,巴度,0.0
HK_2023_J002,蔡明紹,0.0
HK_2023_J002,鍾易禮,0.0
HK_2023_J007,,0.0
HK_2023_J007,周俊樂,0.0
HK_2023_J007,艾兆禮,0.0
HK_2023_J007,蔡明紹,0.0
HK_2023_J008,周俊樂,0.0
HK_2023_J008,奧爾民,0.0
HK_2023_J008,布文,0.15
HK_2023_J008,潘明輝,0.0
HK_2023_J008,潘頓,0.15
HK_2023_J008,班德禮,0.0
HK_2023_J008,艾兆禮,0.0
HK_2023_J008,艾道拿,0.0
HK_2023_J008,袁幸堯,0.0
HK_2023_J008,金誠剛,0.0
HK_2023_J008,麥文堅,0.0
HK_2023_J008,麥道朗,0.0
HK_2023_J008,黃寶妮,0.0
HK_2023_J015,何澤堯,0.0
HK_2023_J015,奧爾民,0.0
HK_2023_J015,巴度,0.0
HK_2023_J015,梁家俊,0.0
HK_2023_J015,楊明綸,0.0
HK_2023_J015,潘頓,0.15
HK_2023_J015,班德禮,0.0
HK_2023_J015,田泰安,0.0
HK_2023_J015,紀仁安,0.0
HK_2023_J015,艾兆禮,0.0
HK_2023_J015,艾道拿,0.0
HK_2023_J015,莫雷拉,0.0
HK_2023_J015,董明朗,0.0
HK_2023_J015,金誠剛,0.0
HK_2023_J015,鍾易禮,0.0
HK_2023_J015,黃寶妮,0.0
HK_2023_J015,黃智弘,0.0
HK_2023_J020,,0.0
HK_2023_J020,布文,0.0
HK_2023_J020,楊明綸,0.0
HK_2023_J020,田泰安,0.0
HK_2023_J020,紀仁安,0.0
HK_2023_J020,艾兆禮,0.0
HK_2023_J020,艾道拿,0.0
HK_2023_J020,賀銘年,0.0
HK_2023_J020,黃智弘,0.0
HK_2023_J027,布文,0.15
HK_2023_J027,希威森,0.0
HK_2023_J027,湯普新,0.0
HK_2023_J027,潘頓,0.15
HK_2023_J027,班德禮,0.0
HK_2023_J027,田泰安,0.15
HK_2023_J027,艾道拿,0.0
HK_2023_J027,袁幸堯,0.0
HK_2023_J027,霍宏聲,0.0
HK_2023_J027,麥道朗,0.0
HK_2023_J037,周俊樂,0.0
HK_2023_J037,梁家俊,0.0
HK_2023_J037,潘明輝,0.0
HK_2023_J037,潘頓,0.0
HK_2023_J037,班德禮,0.0
HK_2023_J037,田泰安,0.0
HK_2023_J037,艾兆禮,0.0
HK_2023_J037,賀銘年,0.0
HK_2023_J037,麥當能,0.0
HK_2023_J037,麥道朗,0.0
HK_2023_J039,巴度,0.0
HK_2023_J039,希威森,0.1111111111111111
HK_2023_J039,梁家俊,0.0
HK_2023_J039,潘明輝,0.0
HK_2023_J039,班德禮,0.0
HK_2023_J039,田泰安,0.0
HK_2023_J039,艾兆禮,0.0
HK_2023_J039,艾道拿,0.0
HK_2023_J039,霍宏聲,0.0
HK_2023_J042,,0.0
HK_2023_J042,周俊樂,0.0
HK_2023_J042,布文,0.0
HK_2023_J042,希威森,0.0
HK_2023_J042,梁家俊,0.0
HK_2023_J042,潘明輝,0.0
HK_2023_J042,潘頓,0.0
HK_2023_J042,班德禮,0.0
HK_2023_J042,黃寶妮,0.15
HK_2023_J042,黃智弘,0.0
HK_2023_J043,何澤堯,0.0
HK_2023_J043,巴度,0.0
HK_2023_J043,班德禮,0.0
HK_2023_J043,艾道拿,0.0
HK_2023_J043,莫雷拉,0.0
HK_2023_J043,董明朗,0.0
HK_2023_J043,麥文堅,0.0
HK_2023_J043,麥道朗,0.0
HK_2023_J043,黃智弘,0.15
HK_2023_J050,奧爾民,0.0
HK_2023_J050,布浩榮,0.0
HK_2023_J050,楊明綸,0.0
HK_2023_J050,艾兆禮,0.1111111111111111
HK_2023_J050,艾道拿,0.0
HK_2023_J050,蔡明紹,0.0
HK_2023_J050,霍宏聲,0.0
HK_2023_J050,黃寶妮,0.0
HK_2023_J050,黃智弘,0.15
HK_2023_J060,何澤堯,0.0
HK_2023_J060,布文,0.15
HK_2023_J060,潘大衛,0.0
HK_2023_J060,莫雷拉,0.15
HK_2023_J060,黃智弘,0.15
HK_2023_J062,潘頓,0.15
HK_2023_J062,田泰安,0.15
HK_2023_J065,何澤堯,0.0
HK_2023_J065,奧爾民,0.0
HK_2023_J065,潘大衛,0.0
HK_2023_J065,潘頓,0.0
HK_2023_J065,班德禮,0.0
HK_2023_J065,艾兆禮,0.15
HK_2023_J065,董明朗,0.0
HK_2023_J065,袁幸堯,0.0
HK_2023_J066,,0.0
HK_2023_J066,何澤堯,0.0
HK_2023_J066,奧爾民,0.0
HK_2023_J066,巴度,0.0
HK_2023_J066,巴米高,0.15
HK_2023_J066,楊明綸,0.0
HK_2023_J066,潘明輝,0.0
HK_2023_J066,潘頓,0.15
HK_2023_J066,艾兆禮,0.15
HK_2023_J066,苗傑美,0.0
HK_2023_J066,麥道朗,0.0
HK_2023_J071,,0.0
HK_2023_J071,何澤堯,0.0
HK_2023_J071,巴度,0.14285714285714285
HK_2023_J071,布文,0.0
HK_2023_J071,莫雷拉,0.0
HK_2023_J071,金美琪,0.0
HK_2023_J071,黃智弘,0.15
HK_2023_J075,楊明綸,0.0
HK_2023_J075,潘明輝,0.0
HK_2023_J075,潘頓,0.0
HK_2023_J075,紀仁安,0.0
HK_2023_J075,艾兆禮,0.0
HK_2023_J075,霍宏聲,0.0
HK_2023_J079,巴度,0.0
HK_2023_J079,布宜學,0.0
HK_2023_J079,潘頓,0.0
HK_2023_J079,田泰安,0.0
HK_2023_J079,艾道拿,0.0
HK_2023_J079,蔡明紹,0.15
HK_2023_J079,黃寶妮,0.0
HK_2023_J087,何澤堯,0.0
HK_2023_J087,周俊樂,0.0
HK_2023_J087,川田將雅,0.0
HK_2023_J087,布文,0.0
HK_2023_J087,梁家俊,0.14285714285714285
HK_2023_J087,潘明輝,0.0
HK_2023_J087,艾兆禮,0.0
HK_2023_J087,蔡明紹,0.0
HK_2023_J087,賀銘年,0.15
HK_2023_J087,黃寶妮,0.15
HK_2023_J087,黃智弘,0.0
HK_2023_J092,,0.0
HK_2023_J092,巴度,0.0
HK_2023_J092,布文,0.15
HK_2023_J092,希威森,0.0
HK_2023_J092,李寶利,0.0
HK_2023_J092,楊明綸,0.0
HK_2023_J092,班德禮,0.0
HK_2023_J092,霍宏聲,0.0
HK_2023_J092,黃智弘,0.15
HK_2023_J093,,0.0
HK_2023_J093,周俊樂,0.0
HK_2023_J093,布文,0.0
HK_2023_J093,潘明輝,0.0
HK_2023_J093,陳嘉熙,0.0
HK_2023_J093,麥文堅,0.0
HK_2023_J093,麥道朗,0.0
HK_2023_J093,黃寶妮,0.0
HK_2023_J093,黃智弘,0.15
HK_2023_J098,,0.0
HK_2023_J098,巴度,0.0
HK_2023_J098,布文,0.0
HK_2023_J098,李慕華,0.0
HK_2023_J098,潘頓,0.0
HK_2023_J098,田泰安,0.15
HK_2023_J098,艾兆禮,0.0
HK_2023_J098,艾道拿,0.15
HK_2023_J098,麥道朗,0.0
HK_2023_J099,何澤堯,0.0
HK_2023_J099,巴度,0.0
HK_2023_J099,梁家俊,0.0
HK_2023_J099,潘大衛,0.0
HK_2023_J099,潘明輝,0.0
HK_2023_J099,潘頓,0.0
HK_2023_J099,田泰安,0.1111111111111111
HK_2023_J099,袁幸堯,0.0
HK_2023_J099,貝知仁,0.0
HK_2023_J099,霍宏聲,0.0
HK_2023_J114,布文,0.15
HK_2023_J114,潘明輝,0.0
HK_2023_J114,潘頓,0.0
HK_2023_J114,艾兆禮,0.0
HK_2023_J114,艾道拿,0.15
HK_2023_J115,周俊樂,0.0
HK_2023_J115,奧爾民,0.0
HK_2023_J115,布文,0.0
HK_2023_J115,杜苑欣,0.0
HK_2023_J115,梁家俊,0.14285714285714285
HK_2023_J115,潘明輝,0.0
HK_2023_J115,潘頓,0.0
HK_2023_J115,田泰安,0.0
HK_2023_J115,艾兆禮,0.0
HK_2023_J115,霍宏聲,0.0
HK_2023_J116,布浩榮,0.0
HK_2023_J116,希威森,0.0
HK_2023_J116,潘頓,0.15
HK_2023_J116,董明朗,0.0
HK_2023_J116,賀銘年,0.0
HK_2023_J116,霍宏聲,0.0
HK_2023_J118,,0.0
HK_2023_J118,何澤堯,0.0
HK_2023_J118,奧爾民,0.0
HK_2023_J118,潘頓,0.15
HK_2023_J118,班德禮,0.0
HK_2023_J118,艾兆禮,0.0
HK_2023_J118,莫雅,0.0
HK_2023_J118,董明朗,0.0
HK_2023_J118,蔡明紹,0.0
HK_2023_J118,霍宏聲,0.0
HK_2023_J123,,0.0
HK_2023_J123,湯普新,0.0
HK_2023_J123,潘頓,0.15
HK_2023_J123,蔡明紹,0.0
HK_2023_J123,鍾易禮,0.1111111111111111
HK_2023_J127,布文,0.15
HK_2023_J127,希威森,0.0
HK_2023_J127,杜苑欣,0.15
HK_2023_J127,梁家俊,0.0
HK_2023_J127,湯普新,0.0
HK_2023_J127,潘明輝,0.0
HK_2023_J127,潘頓,0.1111111111111111
HK_2023_J127,班德禮,0.0
HK_2023_J127,田泰安,0.0
HK_2023_J127,紀仁安,0.0
HK_2023_J127,艾兆禮,0.0
HK_2023_J127,莫雅,0.15
HK_2023_J127,袁幸堯,0.15
HK_2023_J131,何澤堯,0.0
HK_2023_J131,巴度,0.0
HK_2023_J131,布文,0.15
HK_2023_J131,潘頓,0.15
HK_2023_J131,艾兆禮,0.0
HK_2023_J131,艾道拿,0.0
HK_2023_J131,賀銘年,0.0
HK_2023_J131,鍾易禮,0.15
HK_2023_J133,,0.0
HK_2023_J133,布文,0.0
HK_2023_J133,楊明綸,0.0
HK_2023_J133,湯普新,0.0
HK_2023_J133,潘頓,0.0
HK_2023_J133,田泰安,0.15
HK_2023_J133,艾兆禮,0.15
HK_2023_J133,艾道拿,0.0
HK_2023_J133,蔡明紹,0.0
HK_2023_J133,賀銘年,0.0
HK_2023_J133,金誠剛,0.0
HK_2023_J133,麥文堅,0.0
HK_2023_J135,,0.0
HK_2023_J135,周俊樂,0.0
HK_2023_J135,杜苑欣,0.0
HK_2023_J135,梁家俊,0.0
HK_2023_J135,楊明綸,0.0
HK_2023_J135,湯普新,0.0
HK_2023_J135,潘明輝,0.0
HK_2023_J135,潘頓,0.0
HK_2023_J135,班德禮,0.0
HK_2023_J135,鍾易禮,0.14285714285714285
HK_2023_J136,,0.0
HK_2023_J136,布文,0.15
HK_2023_J136,希威森,0.15
HK_2023_J136,楊明綸,0.0
HK_2023_J136,潘明輝,0.0
HK_2023_J136,潘頓,0.15
HK_2023_J136,班德禮,0.0
HK_2023_J136,田泰安,0.0
HK_2023_J136,艾兆禮,0.0
HK_2023_J136,薛恩,0.0
HK_2023_J137,何澤堯,0.09090909090909091
HK_2023_J137,潘明輝,0.0
HK_2023_J137,潘頓,0.0
HK_2023_J137,艾道拿,0.0
HK_2023_J137,蔡明紹,0.0
HK_2023_J141,巴度,0.0
HK_2023_J141,希威森,0.0
HK_2023_J141,班德禮,0.0
HK_2023_J141,田泰安,0.15
HK_2023_J141,蔡明紹,0.15
HK_2023_J141,霍宏聲,0.0
HK_2023_J141,黃寶妮,0.0
HK_2023_J143,周俊樂,0.0
HK_2023_J143,布文,0.0
HK_2023_J143,湯普新,0.0
HK_2023_J143,潘明輝,0.0
HK_2023_J143,潘頓,0.0
HK_2023_J143,田泰安,0.0
HK_2023_J143,艾兆禮,0.15
HK_2023_J143,艾道拿,0.0
HK_2023_J143,袁幸堯,0.0
HK_2023_J143,貝知仁,0.0
HK_2023_J143,賀銘年,0.0
HK_2023_J143,金誠剛,0.15
HK_2023_J143,黃智弘,0.0
HK_2023_J146,,0.0
HK_2023_J146,梁家俊,0.0
HK_2023_J146,楊明綸,0.0
HK_2023_J146,湯普新,0.0
HK_2023_J146,潘大衛,0.0
HK_2023_J146,潘明輝,0.0
HK_2023_J146,潘頓,0.0
HK_2023_J146,班德禮,0.0
HK_2023_J146,紀仁安,0.0
HK_2023_J146,艾兆禮,0.0
HK_2023_J146,袁幸堯,0.15
HK_2023_J146,貝知仁,0.0
HK_2023_J146,霍宏聲,0.15
HK_2023_J146,黃智弘,0.0
HK_2023_J150,何澤堯,0.15
HK_2023_J150,周俊樂,0.0
HK_2023_J150,奧爾民,0.0
HK_2023_J150,巫顯東,0.14285714285714285
HK_2023_J150,布文,0.15
HK_2023_J150,梁家俊,0.15
HK_2023_J150,潘頓,0.0
HK_2023_J150,田泰安,0.0
HK_2023_J150,紀仁安,0.15
HK_2023_J150,艾兆禮,0.0
HK_2023_J150,艾道拿,0.0
HK_2023_J150,董明朗,0.0
HK_2023_J150,袁幸堯,0.0
HK_2023_J150,鍾易禮,0.0
HK_2023_J157,,0.0
HK_2023_J157,何澤堯,0.0
HK_2023_J157,周俊樂,0.0
HK_2023_J157,布文,0.0
HK_2023_J157,潘明輝,0.0
HK_2023_J157,潘頓,0.15
HK_2023_J157,紀仁安,0.0
HK_2023_J157,艾兆禮,0.0
HK_2023_J157,蔡明紹,0.0
HK_2023_J157,金誠剛,0.0
HK_2023_J157,麥道朗,0.15
HK_2023_J157,黃智弘,0.0
HK_2023_J158,何澤堯,0.15
HK_2023_J158,周俊樂,0.0
HK_2023_J158,布浩榮,0.0
HK_2023_J158,希威森,0.0
HK_2023_J158,潘頓,0.0
HK_2023_J158,班德禮,0.0
HK_2023_J158,董明朗,0.0
HK_2023_J158,貝知仁,0.0
HK_2023_J158,黃寶妮,0.0
HK_2023_J161,巴度,0.0
HK_2023_J161,布文,0.14285714285714285
HK_2023_J161,希威森,0.15
HK_2023_J161,潘大衛,0.0
HK_2023_J161,班德禮,0.0
HK_2023_J161,紀仁安,0.15
HK_2023_J161,莫雷拉,0.0
HK_2023_J161,蔡明紹,0.0
HK_2023_J161,金誠剛,0.0
HK_2023_J161,霍宏聲,0.0
HK_2023_J161,黃智弘,0.15
HK_2023_J162,何澤堯,0.0
HK_2023_J162,奧爾民,0.15
HK_2023_J162,梁家俊,0.0
HK_2023_J162,潘明輝,0.0
HK_2023_J162,潘頓,0.0
HK_2023_J162,班德禮,0.0
HK_2023_J162,田泰安,0.0
HK_2023_J162,紀仁安,0.0
HK_2023_J162,艾兆禮,0.0
HK_2023_J162,艾道拿,0.15
HK_2023_J162,霍宏聲,0.0
HK_2023_J162,麥道朗,0.0
HK_2023_J164,,0.0
HK_2023_J164,何澤堯,0.0
HK_2023_J164,周俊樂,0.07142857142857142
HK_2023_J164,巴度,0.15
HK_2023_J164,梁家俊,0.0
HK_2023_J164,蔡明紹,0.0
HK_2023_J169,,0.0
HK_2023_J169,何澤堯,0.0
HK_2023_J169,周俊樂,0.15
HK_2023_J169,奧爾民,0.0
HK_2023_J169,田泰安,0.0
HK_2023_J169,紀仁安,0.0
HK_2023_J169,艾兆禮,0.0
HK_2023_J169,艾道拿,0.0
HK_2023_J169,貝知仁,0.0
HK_2023_J169,金誠剛,0.0
HK_2023_J169,鍾易禮,0.0
HK_2023_J170,,0.0
HK_2023_J170,奧爾民,0.0
HK_2023_J170,布文,0.0
HK_2023_J170,潘明輝,0.0
HK_2023_J170,田泰安,0.0
HK_2023_J170,董明朗,0.0
HK_2023_J170,蔡明紹,0.0
HK_2023_J170,麥道朗,0.0
HK_2023_J174,,0.0
HK_2023_J174,何澤堯,0.0
HK_2023_J174,巴度,0.1
HK_2023_J174,梁家俊,0.0
HK_2023_J174,潘明輝,0.0
HK_2023_J174,潘頓,0.0
HK_2023_J174,艾兆禮,0.0
HK_2023_J174,鍾易禮,0.0
HK_2023_J174,霍宏聲,0.0
HK_2023_J174,黃智弘,0.0
HK_2023_J176,何澤堯,0.0
HK_2023_J176,巴度,0.0
HK_2023_J176,布文,0.0
HK_2023_J176,希威森,0.0
HK_2023_J176,楊明綸,0.0
HK_2023_J176,潘明輝,0.0
HK_2023_J176,潘頓,0.0
HK_2023_J176,田泰安,0.0
HK_2023_J176,艾兆禮,0.0
HK_2023_J180,何澤堯,0.0
HK_2023_J180,奧爾民,0.0
HK_2023_J180,杜苑欣,0.0
HK_2023_J180,潘明輝,0.0
HK_2023_J180,潘頓,0.15
HK_2023_J180,紀仁安,0.0
HK_2023_J180,艾兆禮,0.15
HK_2023_J180,袁幸堯,0.15
HK_2023_J182,,0.0
HK_2023_J182,周俊樂,0.0
HK_2023_J182,奧爾民,0.0
HK_2023_J182,希威森,0.0
HK_2023_J182,梁家俊,0.0
HK_2023_J182,潘明輝,0.0
HK_2023_J182,艾兆禮,0.0
HK_2023_J182,董明朗,0.0
HK_2023_J182,蔡明紹,0.0
HK_2023_J182,袁幸堯,0.15
HK_2023_J182,金誠剛,0.0
HK_2023_J182,霍宏聲,0.15
HK_2023_J182,麥道朗,0.0
HK_2023_J182,黃智弘,0.0
HK_2023_J183,何澤堯,0.0
HK_2023_J183,周俊樂,0.0
HK_2023_J183,奧爾民,0.0
HK_2023_J183,巴度,0.0
HK_2023_J183,希威森,0.0
HK_2023_J183,楊明綸,0.0
HK_2023_J183,潘頓,0.15
HK_2023_J183,班德禮,0.0
HK_2023_J183,田泰安,0.15
HK_2023_J183,艾兆禮,0.0
HK_2023_J183,莫雷拉,0.0
HK_2023_J183,金誠剛,0.0
HK_2023_J186,,0.0
HK_2023_J186,布文,0.0
HK_2023_J186,楊明綸,0.0
HK_2023_J186,湯普新,0.0
HK_2023_J186,艾兆禮,0.15
HK_2023_J186,艾道拿,0.15
HK_2023_J186,賀銘年,0.0
HK_2023_J186,麥道朗,0.0
HK_2023_J187,何澤堯,0.0
HK_2023_J187,奧爾民,0.0
HK_2023_J187,巴度,0.0
HK_2023_J187,布文,0.0
HK_2023_J187,希威森,0.0
HK_2023_J187,潘大衛,0.0
HK_2023_J187,艾道拿,0.0
HK_2023_J187,莫雷拉,0.15
HK_2023_J187,蔡明紹,0.0
HK_2023_J187,霍宏聲,0.15
HK_2023_J187,黃智弘,0.0
HK_2023_J195,布文,0.0
HK_2023_J195,楊明綸,0.0
HK_2023_J195,潘頓,0.0
HK_2023_J195,田泰安,0.0
HK_2023_J195,艾兆禮,0.15
HK_2023_J195,艾道拿,0.09090909090909091
HK_2023_J195,蔡明紹,0.0
HK_2023_J197,巫顯東,0.0
HK_2023_J197,巴度,0.1111111111111111
HK_2023_J197,布文,0.0
HK_2023_J197,潘頓,0.15
HK_2023_J197,班德禮,0.15
HK_2023_J197,紀仁安,0.0
HK_2023_J197,金誠剛,0.0
HK_2023_J200,,0.0
HK_2023_J200,巫顯東,0.15
HK_2023_J200,布文,0.0
HK_2023_J200,楊明綸,0.15
HK_2023_J200,潘頓,0.0
HK_2023_J208,周俊樂,0.0
HK_2023_J208,潘頓,0.0
HK_2023_J208,艾兆禮,0.0
HK_2023_J208,艾道拿,0.0
HK_2023_J208,霍宏聲,0.0
HK_2023_J213,周俊樂,0.0
HK_2023_J213,奧爾民,0.0
HK_2023_J213,杜苑欣,0.0
HK_2023_J213,梁家俊,0.0
HK_2023_J213,潘明輝,0.0
HK_2023_J213,潘頓,0.0
HK_2023_J213,田泰安,0.15
HK_2023_J213,金誠剛,0.0
HK_2023_J213,麥道朗,0.0
HK_2023_J215,周俊樂,0.0
HK_2023_J215,布文,0.0
HK_2023_J215,布浩榮,0.0
HK_2023_J215,潘明輝,0.0
HK_2023_J215,班德禮,0.0
HK_2023_J215,艾兆禮,0.0
HK_2023_J215,董明朗,0.0
HK_2023_J215,蔡明紹,0.0
HK_2023_J215,蘇銘倫,0.0
HK_2023_J215,鍾易禮,0.0
HK_2023_J215,霍宏聲,0.15
HK_2023_J217,周俊樂,0.0
HK_2023_J217,田泰安,0.15
HK_2023_J217,艾兆禮,0.0
HK_2023_J217,蔡明紹,0.0
HK_2023_J217,霍宏聲,0.0
HK_2023_J217,麥道朗,0.0
HK_2023_J218,何澤堯,0.0
HK_2023_J218,周俊樂,0.0
HK_2023_J218,希威森,0.0
HK_2023_J218,杜苑欣,0.0
HK_2023_J218,潘明輝,0.0
HK_2023_J218,潘頓,0.0
HK_2023_J218,田泰安,0.15
HK_2023_J218,紀仁安,0.0
HK_2023_J218,艾兆禮,0.15
HK_2023_J218,貝知仁,0.0
HK_2023_J218,賀銘年,0.0
HK_2023_J218,鍾易禮,0.15
HK_2023_J218,黃智弘,0.0
HK_2023_J222,布文,0.0
HK_2023_J222,班德禮,0.09090909090909091
HK_2023_J222,艾道拿,0.0
HK_2023_J222,袁幸堯,0.0
HK_2023_J222,黃寶妮,0.0
HK_2023_J222,黃智弘,0.0
HK_2023_J223,潘頓,0.0
HK_2023_J223,班德禮,0.0
HK_2023_J223,艾兆禮,0.15
HK_2023_J223,董明朗,0.0
HK_2023_J223,霍宏聲,0.0
HK_2023_J223,麥道朗,0.0
HK_2023_J224,布文,0.0
HK_2023_J224,紀仁安,0.0
HK_2023_J224,艾兆禮,0.0
HK_2023_J224,艾道拿,0.15
HK_2023_J225,周俊樂,0.0
HK_2023_J225,奧爾民,0.0
HK_2023_J225,巴米高,0.0
HK_2023_J225,布文,0.15
HK_2023_J225,李慕華,0.0
HK_2023_J225,潘明輝,0.15
HK_2023_J225,班德禮,0.0
HK_2023_J225,艾兆禮,0.0
HK_2023_J225,蔡明紹,0.0
HK_2023_J225,麥文堅,0.15
HK_2023_J225,麥道朗,0.0
HK_2023_J227,周俊樂,0.0
HK_2023_J227,奧爾民,0.0
HK_2023_J227,布文,0.0
HK_2023_J227,梁家俊,0.0
HK_2023_J227,潘明輝,0.0
HK_2023_J227,潘頓,0.15
HK_2023_J227,紀仁安,0.0
HK_2023_J227,艾兆禮,0.0
HK_2023_J227,艾道拿,0.0
HK_2023_J227,莫雅,0.0
HK_2023_J227,霍宏聲,0.0
HK_2023_J227,麥道朗,0.0
HK_2023_J231,巴米高,0.0
HK_2023_J231,布文,0.0
HK_2023_J231,潘頓,0.14285714285714285
HK_2023_J231,田泰安,0.0
HK_2023_J231,艾道拿,0.15
HK_2023_J231,鍾易禮,0.0
HK_2023_J231,麥道朗,0.0
HK_2023_J231,黃寶妮,0.0
HK_2023_J236,,0.0
HK_2023_J236,周俊樂,0.0
HK_2023_J236,布文,0.0
HK_2023_J236,布浩榮,0.0
HK_2023_J236,湯普新,0.0
HK_2023_J236,田泰安,0.15
HK_2023_J236,艾兆禮,0.0
HK_2023_J236,麥文堅,0.0
HK_2023_J237,巴度,0.0
HK_2023_J237,布文,0.15
HK_2023_J237,希威森,0.0
HK_2023_J237,湯普新,0.0
HK_2023_J237,潘頓,0.15
HK_2023_J237,田泰安,0.0
HK_2023_J237,艾道拿,0.125
HK_2023_J237,莫雅,0.0
HK_2023_J237,薛恩,0.0
HK_2023_J237,金美琪,0.0
HK_2023_J237,霍宏聲,0.0
HK_2023_J237,麥文堅,0.0
HK_2023_J237,麥道朗,0.15
HK_2023_J239,,0.0
HK_2023_J239,奧爾民,0.0
HK_2023_J239,潘明輝,0.0
HK_2023_J239,潘頓,0.15
HK_2023_J239,班德禮,0.15
HK_2023_J239,田泰安,0.0
HK_2023_J239,艾道拿,0.0
HK_2023_J243,,0.0
HK_2023_J243,周俊樂,0.0
HK_2023_J243,奧爾民,0.0
HK_2023_J243,希威森,0.0
HK_2023_J243,梁家俊,0.0
HK_2023_J243,楊明綸,0.0
HK_2023_J243,潘明輝,0.0
HK_2023_J243,班德禮,0.0
HK_2023_J243,紀仁安,0.0
HK_2023_J243,麥當能,0.0
HK_2023_J245,,0.0
HK_2023_J245,巴度,0.0
HK_2023_J245,布文,0.0
HK_2023_J245,潘頓,0.0
HK_2023_J245,艾兆禮,0.0
HK_2023_J245,蔡明紹,0.11764705882352941
HK_2023_J253,周俊樂,0.15
HK_2023_J253,布文,0.0
HK_2023_J253,希威森,0.0
HK_2023_J253,麥道朗,0.0
HK_2023_J255,周俊樂,0.0
HK_2023_J255,巴度,0.15
HK_2023_J255,潘明輝,0.0
HK_2023_J255,班德禮,0.0
HK_2023_J255,田泰安,0.0
HK_2023_J255,艾兆禮,0.0
HK_2023_J255,賀銘年,0.0
HK_2023_J255,鍾易禮,0.0
HK_2023_J255,黃寶妮,0.0
HK_2023_J256,,0.0
HK_2023_J256,巴度,0.15
HK_2023_J256,布文,0.15
HK_2023_J256,希威森,0.0
HK_2023_J256,霍宏聲,0.15
HK_2023_J260,,0.0
HK_2023_J260,巴度,0.15
HK_2023_J260,布文,0.0
HK_2023_J260,楊明綸,0.0
HK_2023_J260,潘頓,0.15
HK_2023_J260,田泰安,0.0
HK_2023_J260,艾兆禮,0.0
HK_2023_J260,艾道拿,0.0
HK_2023_J260,莫雅,0.15
HK_2023_J260,麥文堅,0.0
HK_2023_J263,,0.0
HK_2023_J263,何澤堯,0.15
HK_2023_J263,周俊樂,0.0
HK_2023_J263,希威森,0.0
HK_2023_J263,杜苑欣,0.0
HK_2023_J263,潘頓,0.0
HK_2023_J263,艾兆禮,0.15
HK_2023_J263,蔡明紹,0.0
HK_2023_J263,袁幸堯,0.0
HK_2023_J263,霍宏聲,0.0
HK_2023_J265,奧爾民,0.15
HK_2023_J265,巴度,0.0
HK_2023_J265,布文,0.0
HK_2023_J265,艾兆禮,0.15
HK_2023_J265,艾道拿,0.0
HK_2023_J267,,0.0
HK_2023_J267,周俊樂,0.0
HK_2023_J267,奧爾民,0.0
HK_2023_J267,巴度,0.0
HK_2023_J267,布文,0.0
HK_2023_J267,潘明輝,0.0
HK_2023_J267,潘頓,0.15
HK_2023_J267,田泰安,0.0
HK_2023_J267,蔡明紹,0.0
HK_2023_J267,貝知仁,0.0
HK_2023_J267,鍾易禮,0.0
HK_2023_J267,黃寶妮,0.0
HK_2023_J272,布文,0.0
HK_2023_J272,希威森,0.0
HK_2023_J272,杜苑欣,0.0
HK_2023_J272,楊明綸,0.09090909090909091
HK_2023_J272,潘頓,0.15
HK_2023_J273,巴度,0.07142857142857142
HK_2023_J273,班德禮,0.0
HK_2023_J273,袁幸堯,0.0
HK_2023_J273,金誠剛,0.0
HK_2023_J275,奧爾民,0.0
HK_2023_J275,巴度,0.0
HK_2023_J275,布文,0.0
HK_2023_J275,潘頓,0.0
HK_2023_J275,田泰安,0.125
HK_2023_J275,紀仁安,0.0
HK_2023_J275,袁幸堯,0.15
HK_2023_J275,金誠剛,0.0
HK_2023_J276,周俊樂,0.15
HK_2023_J276,潘頓,0.0
HK_2023_J276,班德禮,0.0
HK_2023_J276,鍾易禮,0.0
HK_2023_J277,,0.0
HK_2023_J277,布浩榮,0.0
HK_2023_J277,希威森,0.0
HK_2023_J277,潘明輝,0.0
HK_2023_J277,潘頓,0.15
HK_2023_J277,班德禮,0.0
HK_2023_J277,紀仁安,0.0
HK_2023_J277,艾道拿,0.0
HK_2023_J277,莫雷拉,0.15
HK_2023_J277,薛恩,0.0
HK_2023_J277,霍宏聲,0.0
HK_2023_J278,奧爾民,0.0
HK_2023_J278,布文,0.15
HK_2023_J278,杜苑欣,0.0
HK_2023_J278,潘明輝,0.15
HK_2023_J278,潘頓,0.0
HK_2023_J278,田泰安,0.0
HK_2023_J278,艾道拿,0.0
HK_2023_J278,蔡明紹,0.0
HK_2023_J278,黃智弘,0.0
HK_2023_J279,布文,0.0
HK_2023_J279,潘頓,0.0
HK_2023_J279,田泰安,0.0
HK_2023_J279,蔡明紹,0.15
HK_2023_J279,袁幸堯,0.0
HK_2023_J279,麥文堅,0.15
HK_2023_J279,黃智弘,0.0
HK_2023_J280,周俊樂,0.08333333333333333
HK_2023_J280,布文,0.0
HK_2023_J280,布浩榮,0.0
HK_2023_J280,楊明綸,0.0
HK_2023_J280,艾兆禮,0.125
HK_2023_J280,袁幸堯,0.0
HK_2023_J280,黃寶妮,0.0
HK_2023_J285,潘頓,0.15
HK_2023_J285,艾道拿,0.0
HK_2023_J288,奧爾民,0.0
HK_2023_J288,巴度,0.0
HK_2023_J288,布文,0.0
HK_2023_J288,潘明輝,0.0
HK_2023_J288,潘頓,0.0
HK_2023_J288,田泰安,0.0
HK_2023_J288,艾兆禮,0.15
HK_2023_J288,艾道拿,0.0
HK_2023_J288,董明朗,0.0
HK_2023_J288,霍宏聲,0.0
HK_2023_J288,麥文堅,0.0
HK_2023_J288,黃寶妮,0.0
HK_2023_J290,周俊樂,0.15
HK_2023_J290,巫顯東,0.0
HK_2023_J290,布文,0.0
HK_2023_J290,潘明輝,0.0
HK_2023_J290,鍾易禮,0.0
HK_2023_J291,,0.0
HK_2023_J291,布文,0.0
HK_2023_J291,潘頓,0.0
HK_2023_J291,班德禮,0.0
HK_2023_J294,周俊樂,0.0
HK_2023_J294,巫顯東,0.0
HK_2023_J294,楊明綸,0.0
HK_2023_J294,湯普新,0.0
HK_2023_J294,潘大衛,0.0
HK_2023_J294,董明朗,0.0
HK_2023_J294,金誠剛,0.0
HK_2023_J295,奧爾民,0.0
HK_2023_J295,布文,0.0
HK_2023_J295,希威森,0.0
HK_2023_J295,班德禮,0.0
HK_2023_J295,紀仁安,0.0
HK_2023_J295,艾兆禮,0.0
HK_2023_J295,蔡明紹,0.0
HK_2023_J295,袁幸堯,0.15
HK_2023_J295,霍宏聲,0.0
HK_2023_J295,黃寶妮,0.15
HK_2023_J298,何澤堯,0.0
HK_2023_J298,布文,0.0
HK_2023_J298,希威森,0.15
HK_2023_J298,李寶利,0.0
HK_2023_J298,潘頓,0.15
HK_2023_J298,紀仁安,0.0
HK_2023_J298,艾兆禮,0.0
HK_2023_J298,霍宏聲,0.0
HK_2023_J298,黃寶妮,0.0
HK_2023_J299,,0.0
HK_2023_J299,周俊樂,0.0
HK_2023_J299,巴度,0.1111111111111111
HK_2023_J299,梁家俊,0.0
HK_2023_J299,潘頓,0.0
HK_2023_J299,班德禮,0.0
HK_2023_J299,蔡明紹,0.0
HK_2023_J299,賀銘年,0.0
HK_2023_J299,黃寶妮,0.0
HK_2023_J300,何澤堯,0.0
HK_2023_J300,希威森,0.0
HK_2023_J300,梁家俊,0.0
HK_2023_J300,潘明輝,0.0
HK_2023_J300,潘頓,0.15
HK_2023_J300,班德禮,0.0
HK_2023_J300,艾兆禮,0.0
HK_2023_J300,薛恩,0.0
HK_2023_J300,袁幸堯,0.15
HK_2023_J300,麥道朗,0.0
HK_2023_J301,,0.0
HK_2023_J301,布文,0.0
HK_2023_J301,潘頓,0.0
HK_2023_J301,田泰安,0.0
HK_2023_J301,蔡明紹,0.0
HK_2023_J301,鍾易禮,0.15
HK_2023_J301,麥道朗,0.0
HK_2023_J303,巴度,0.0
HK_2023_J303,布文,0.0
HK_2023_J303,潘頓,0.0
HK_2023_J303,紀仁安,0.0
HK_2023_J303,艾兆禮,0.0
HK_2023_J303,艾道拿,0.15
HK_2023_J303,蔡明紹,0.0
HK_2023_J303,鍾易禮,0.125
HK_2023_J305,,0.0
HK_2023_J305,布文,0.0
HK_2023_J305,潘明輝,0.0
HK_2023_J305,潘頓,0.0
HK_2023_J305,田泰安,0.15
HK_2023_J305,艾兆禮,0.0
HK_2023_J305,艾道拿,0.0
HK_2023_J305,蔡明紹,0.0
HK_2023_J305,賀銘年,0.0
HK_2023_J308,周俊樂,0.0
HK_2023_J308,巴度,0.0
HK_2023_J308,楊明綸,0.0
HK_2023_J308,潘明輝,0.0
HK_2023_J308,班德禮,0.0
HK_2023_J308,袁幸堯,0.0
HK_2023_J308,賀銘年,0.0
HK_2023_J308,金誠剛,0.0
HK_2023_J308,霍宏聲,0.0
HK_2023_J309,杜苑欣,0.0
HK_2023_J309,楊明綸,0.0
HK_2023_J309,潘明輝,0.1
HK_2023_J309,潘頓,0.15
HK_2023_J309,田泰安,0.0
HK_2023_J309,艾兆禮,0.0
HK_2023_J309,艾道拿,0.0
HK_2023_J309,董明朗,0.0
HK_2023_J309,袁幸堯,0.0
HK_2023_J309,鍾易禮,0.0
HK_2023_J312,奧爾民,0.0
HK_2023_J312,楊明綸,0.0
HK_2023_J312,潘頓,0.0
HK_2023_J312,麥道朗,0.0
HK_2023_J312,黃寶妮,0.0
HK_2023_J315,布文,0.15
HK_2023_J315,希威森,0.0
HK_2023_J315,潘大衛,0.0
HK_2023_J315,潘頓,0.0
HK_2023_J315,班德禮,0.15
HK_2023_J315,田泰安,0.0
HK_2023_J315,艾道拿,0.0
HK_2023_J315,金誠剛,0.0
HK_2023_J315,霍宏聲,0.0
HK_2023_J316,,0.0
HK_2023_J316,布文,0.0
HK_2023_J316,潘明輝,0.0
HK_2023_J316,潘頓,0.15
HK_2023_J316,莫雷拉,0.0
HK_2023_J316,蔡明紹,0.0
HK_2023_J316,霍宏聲,0.15
HK_2023_J316,麥道朗,0.0
HK_2023_J316,黃寶妮,0.0
HK_2023_J316,黃智弘,0.0
HK_2023_J317,何澤堯,0.0
HK_2023_J317,周俊樂,0.0
HK_2023_J317,奧爾民,0.0
HK_2023_J317,巴度,0.0
HK_2023_J317,布文,0.15
HK_2023_J317,布浩榮,0.0
HK_2023_J317,杜苑欣,0.0
HK_2023_J317,梁家俊,0.15
HK_2023_J317,潘明輝,0.0
HK_2023_J317,潘頓,0.15
HK_2023_J317,麥道朗,0.0
HK_2023_J317,黃智弘,0.0
HK_2023_J319,何澤堯,0.0
HK_2023_J319,周俊樂,0.0
HK_2023_J319,奧爾民,0.0
HK_2023_J319,布浩榮,0.0
HK_2023_J319,楊明綸,0.0
HK_2023_J319,潘明輝,0.0
HK_2023_J319,田泰安,0.0
HK_2023_J319,紀仁安,0.0
HK_2023_J319,蔡明紹,0.0
HK_2023_J319,貝知仁,0.0
HK_2023_J319,賀銘年,0.0
HK_2023_J323,,0.0
HK_2023_J323,布文,0.0
HK_2023_J323,田泰安,0.0
HK_2023_J323,艾兆禮,0.0
HK_2023_J323,艾道拿,0.15
HK_2023_J323,莫雅,0.0
HK_2023_J323,蔡明紹,0.0
HK_2023_J323,麥道朗,0.15
HK_2023_J331,奧爾民,0.0
HK_2023_J331,布文,0.0
HK_2023_J331,布浩榮,0.0
HK_2023_J331,楊明綸,0.15
HK_2023_J331,潘明輝,0.0
HK_2023_J331,田泰安,0.0
HK_2023_J331,艾兆禮,0.0
HK_2023_J331,艾道拿,0.0
HK_2023_J331,蔡明紹,0.0
HK_2023_J331,賀銘年,0.0
HK_2023_J331,麥文堅,0.0
HK_2023_J331,麥道朗,0.0
HK_2023_J332,何澤堯,0.0
HK_2023_J332,周俊樂,0.0
HK_2023_J332,巴度,0.0
HK_2023_J332,布文,0.0
HK_2023_J332,布浩榮,0.0
HK_2023_J332,班德禮,0.15
HK_2023_J332,田泰安,0.0
HK_2023_J332,紀仁安,0.0
HK_2023_J332,艾兆禮,0.0
HK_2023_J332,董明朗,0.0
HK_2023_J332,蔡明紹,0.0
HK_2023_J332,袁幸堯,0.0
HK_2023_J332,鍾易禮,0.0
HK_2023_J333,何澤堯,0.0
HK_2023_J333,周俊樂,0.0
HK_2023_J333,巴度,0.0
HK_2023_J333,梁家俊,0.0
HK_2023_J333,潘明輝,0.0
HK_2023_J333,班德禮,0.0
HK_2023_J333,田泰安,0.0
HK_2023_J333,艾道拿,0.0
HK_2023_J333,蔡明紹,0.15
HK_2023_J333,薛恩,0.15
HK_2023_J333,蘇銘倫,0.0
HK_2023_J333,陳嘉熙,0.0
HK_2023_J333,韋紀力,0.0
HK_2023_J333,麥道朗,0.0
HK_2023_J333,黃智弘,0.0
HK_2023_J339,何澤堯,0.15
HK_2023_J339,巴度,0.0
HK_2023_J339,布文,0.0
HK_2023_J339,布浩榮,0.0
HK_2023_J339,艾道拿,0.15
HK_2023_J339,莫雷拉,0.0
HK_2023_J339,薛恩,0.0
HK_2023_J339,霍宏聲,0.0
HK_2023_J339,黃智弘,0.15
HK_2023_J343,布文,0.15
HK_2023_J343,梁家俊,0.0
HK_2023_J343,潘頓,0.15
HK_2023_J343,田泰安,0.15
HK_2023_J343,蔡明紹,0.0
HK_2023_J344,,0.0
HK_2023_J344,奧爾民,0.15
HK_2023_J344,巴度,0.0
HK_2023_J344,布浩榮,0.0
HK_2023_J344,梁家俊,0.0
HK_2023_J344,班德禮,0.0
HK_2023_J344,田泰安,0.0
HK_2023_J344,金誠剛,0.0
HK_2023_J344,鍾易禮,0.0
HK_2023_J345,布文,0.0
HK_2023_J345,湯普新,0.0
HK_2023_J345,潘頓,0.15
HK_2023_J345,田泰安,0.0
HK_2023_J345,蔡明紹,0.0
HK_2023_J345,麥文堅,0.0
HK_2023_J346,奧爾民,0.0
HK_2023_J346,巴度,0.15
HK_2023_J346,布文,0.0
HK_2023_J346,湯普新,0.0
HK_2023_J346,潘頓,0.0
HK_2023_J346,艾兆禮,0.15
HK_2023_J346,艾道拿,0.0
HK_2023_J346,薛恩,0.0
HK_2023_J346,賀銘年,0.0
HK_2023_J346,黃寶妮,0.0
HK_2023_J357,,0.0
HK_2023_J357,潘頓,0.15
HK_2023_J357,田泰安,0.0
HK_2023_J357,蔡明紹,0.15
HK_2023_J357,霍宏聲,0.15
HK_2023_J357,麥文堅,0.0
HK_2023_J358,巴度,0.15
HK_2023_J358,布文,0.15
HK_2023_J358,潘明輝,0.0
HK_2023_J358,潘頓,0.15
HK_2023_J358,蘇銘倫,0.0
HK_2023_J358,連達文,0.0
HK_2023_J358,麥道朗,0.15
HK_2023_J359,何澤堯,0.0
HK_2023_J359,周俊樂,0.0
HK_2023_J359,潘頓,0.15
HK_2023_J359,田泰安,0.0
HK_2023_J359,紀仁安,0.0
HK_2023_J359,艾兆禮,0.0
HK_2023_J359,霍宏聲,0.0
HK_2023_J360,奧爾民,0.0
HK_2023_J360,巴度,0.15
HK_2023_J360,布文,0.15
HK_2023_J360,李慕華,0.0
HK_2023_J360,梁家俊,0.0
HK_2023_J360,楊明綸,0.0
HK_2023_J360,潘大衛,0.0
HK_2023_J360,艾兆禮,0.0
HK_2023_J360,莫雷拉,0.15
HK_2023_J360,金誠剛,0.0
HK_2023_J360,霍宏聲,0.0
HK_2023_J360,黃智弘,0.15
HK_2023_J362,何澤堯,0.0
HK_2023_J362,周俊樂,0.0
HK_2023_J362,希威森,0.0
HK_2023_J362,潘明輝,0.0
HK_2023_J362,潘頓,0.15
HK_2023_J362,田泰安,0.0
HK_2023_J362,賀銘年,0.0
HK_2023_J362,鍾易禮,0.0
HK_2023_J362,麥道朗,0.0
HK_2023_J362,黃寶妮,0.0
HK_2023_J362,黃智弘,0.15
HK_2023_J363,奧爾民,0.15
HK_2023_J363,巴米高,0.0
HK_2023_J363,潘頓,0.0
HK_2023_J363,班德禮,0.0
HK_2023_J363,田泰安,0.0
HK_2023_J363,莫雷拉,0.0
HK_2023_J363,蔡明紹,0.0
HK_2023_J363,霍宏聲,0.0
HK_2023_J365,何澤堯,0.0
HK_2023_J365,周俊樂,0.15
HK_2023_J365,布文,0.0
HK_2023_J365,湯普新,0.0
HK_2023_J365,田泰安,0.0
HK_2023_J365,黃寶妮,0.125
HK_2023_J366,周俊樂,0.0
HK_2023_J366,奧爾民,0.0
HK_2023_J366,巴度,0.0
HK_2023_J366,布文,0.0
HK_2023_J366,希威森,0.0
HK_2023_J366,潘大衛,0.0
HK_2023_J366,艾兆禮,0.0
HK_2023_J366,莫雷拉,0.15
HK_2023_J366,賀銘年,0.0
HK_2023_J366,霍宏聲,0.15
HK_2023_J366,黃智弘,0.0
HK_2023_J370,周俊樂,0.0
HK_2023_J370,潘明輝,0.0
HK_2023_J370,蔡明紹,0.14285714285714285
HK_2023_J370,賀銘年,0.0
HK_2023_J375,周俊樂,0.15
HK_2023_J375,梁家俊,0.0
HK_2023_J375,楊明綸,0.0
HK_2023_J375,潘明輝,0.0
HK_2023_J375,董明朗,0.0
HK_2023_J375,蔡明紹,0.0
HK_2023_J375,鍾易禮,0.0
HK_2023_J375,黃寶妮,0.0
HK_2023_J375,黃智弘,0.0
HK_2023_J383,巴度,0.0
HK_2023_J383,布文,0.15
HK_2023_J383,希威森,0.0
HK_2023_J383,金誠剛,0.15
HK_2023_J383,鍾易禮,0.0
HK_2023_J383,霍宏聲,0.15
HK_2023_J384,何澤堯,0.0
HK_2023_J384,希威森,0.0
HK_2023_J384,杜苑欣,0.0
HK_2023_J384,楊明綸,0.0
HK_2023_J384,湯普新,0.0
HK_2023_J384,潘頓,0.15
HK_2023_J384,紀仁安,0.0
HK_2023_J384,艾兆禮,0.0
HK_2023_J384,蔡明紹,0.0
HK_2023_J384,鍾易禮,0.0
HK_2023_J390,,0.0
HK_2023_J390,何澤堯,0.0
HK_2023_J390,布文,0.15
HK_2023_J390,莫雷拉,0.15
HK_2023_J390,麥道朗,0.0
HK_2023_J390,黃智弘,0.0
HK_2023_J391,,0.0
HK_2023_J391,周俊樂,0.15
HK_2023_J391,奧爾民,0.0
HK_2023_J391,潘明輝,0.15
HK_2023_J391,潘頓,0.0
HK_2023_J391,黃寶妮,0.0
HK_2023_J393,何澤堯,0.0
HK_2023_J393,周俊樂,0.15
HK_2023_J393,布文,0.0
HK_2023_J393,希威森,0.0
HK_2023_J393,梁家俊,0.0
HK_2023_J393,楊明綸,0.0
HK_2023_J393,班德禮,0.0
HK_2023_J393,田泰安,0.0
HK_2023_J393,紀仁安,0.0
HK_2023_J393,賀銘年,0.0
HK_2023_J393,霍宏聲,0.0
HK_2023_J393,黃寶妮,0.0
HK_2023_J393,黃智弘,0.0
HK_2023_J394,周俊樂,0.0
HK_2023_J394,巫顯東,0.0
HK_2023_J394,布浩榮,0.0
HK_2023_J394,潘明輝,0.0
HK_2023_J394,潘頓,0.0
HK_2023_J394,班德禮,0.0
HK_2023_J394,田泰安,0.0
HK_2023_J394,艾兆禮,0.0
HK_2023_J394,蔡明紹,0.0
HK_2023_J394,金誠剛,0.0
HK_2023_J395,奧爾民,0.0
HK_2023_J395,梁家俊,0.0
HK_2023_J395,潘大衛,0.0
HK_2023_J395,班德禮,0.0
HK_2023_J395,董明朗,0.0
HK_2023_J395,蔡明紹,0.0
HK_2023_J395,金誠剛,0.0
HK_2023_J395,鍾易禮,0.0
HK_2023_J395,麥文堅,0.0
HK_2023_J396,巴度,0.0
HK_2023_J396,杜苑欣,0.0
HK_2023_J396,潘頓,0.0
HK_2023_J396,田泰安,0.15
HK_2023_J396,蔡明紹,0.14285714285714285
HK_2023_J396,貝知仁,0.0
HK_2023_J397,,0.0
HK_2023_J397,巴度,0.0
HK_2023_J397,布文,0.0
HK_2023_J397,希威森,0.15
HK_2023_J397,潘頓,0.0
HK_2023_J397,班德禮,0.0
HK_2023_J397,田泰安,0.0
HK_2023_J397,艾道拿,0.15
HK_2023_J397,貝知仁,0.0
HK_2023_J397,賀銘年,0.0
HK_2023_J398,奧爾民,0.0
HK_2023_J398,巫顯東,0.0
HK_2023_J398,希威森,0.0
HK_2023_J398,梁家俊,0.0
HK_2023_J398,湯普新,0.0
HK_2023_J398,班德禮,0.0
HK_2023_J398,董明朗,0.0
HK_2023_J398,金誠剛,0.0
HK_2023_J398,霍宏聲,0.0
HK_2023_J398,黃寶妮,0.0
HK_2023_J398,黃智弘,0.15
HK_2023_J401,巴度,0.0
HK_2023_J401,布文,0.15
HK_2023_J401,布浩榮,0.0
HK_2023_J401,杜苑欣,0.0
HK_2023_J401,梁家俊,0.0
HK_2023_J401,楊明綸,0.0
HK_2023_J401,潘頓,0.15
HK_2023_J401,班德禮,0.0
HK_2023_J401,田泰安,0.0
HK_2023_J401,紀仁安,0.0
HK_2023_J401,艾兆禮,0.0
HK_2023_J401,霍宏聲,0.0
HK_2023_J402,周俊樂,0.0
HK_2023_J402,布文,0.0
HK_2023_J402,希威森,0.0
HK_2023_J402,李寶利,0.0
HK_2023_J402,梁家俊,0.0
HK_2023_J402,湯普新,0.0
HK_2023_J402,田泰安,0.15
HK_2023_J402,董明朗,0.0
HK_2023_J403,奧爾民,0.0
HK_2023_J403,巴度,0.0
HK_2023_J403,布文,0.0
HK_2023_J403,希威森,0.0
HK_2023_J403,湯普新,0.0
HK_2023_J403,潘頓,0.15
HK_2023_J403,艾道拿,0.0
HK_2023_J403,蔡明紹,0.0
HK_2023_J403,袁幸堯,0.0
HK_2023_J403,貝知仁,0.0
HK_2023_J403,鍾易禮,0.0
HK_2023_J413,何澤堯,0.0
HK_2023_J413,巴度,0.125
HK_2023_J413,布文,0.0
HK_2023_J413,希威森,0.0
HK_2023_J413,杜苑欣,0.0
HK_2023_J413,班德禮,0.15
HK_2023_J413,田泰安,0.0
HK_2023_J413,董明朗,0.0
HK_2023_J413,貝知仁,0.0
HK_2023_J413,金誠剛,0.0
HK_2023_J413,霍宏聲,0.15
HK_2023_J417,,0.0
HK_2023_J417,何澤堯,0.15
HK_2023_J417,布文,0.15
HK_2023_J417,希威森,0.0
HK_2023_J417,紀仁安,0.0
HK_2023_J417,艾兆禮,0.0
HK_2023_J417,艾道拿,0.0
HK_2023_J417,莫雷拉,0.15
HK_2023_J417,黃智弘,0.0
HK_2023_J418,,0.0
HK_2023_J418,何澤堯,0.0
HK_2023_J418,布文,0.0
HK_2023_J418,希威森,0.0
HK_2023_J418,楊明綸,0.0
HK_2023_J418,湯普新,0.15
HK_2023_J418,田泰安,0.0
HK_2023_J418,紀仁安,0.0
HK_2023_J418,麥文堅,0.0
HK_2023_J418,麥道朗,0.0
HK_2023_J421,奧爾民,0.15
HK_2023_J421,布文,0.15
HK_2023_J421,希威森,0.0
HK_2023_J421,艾兆禮,0.0
HK_2023_J421,莫雷拉,0.15
HK_2023_J421,蔡明紹,0.0
HK_2023_J421,薛恩,0.0
HK_2023_J421,霍宏聲,0.0
HK_2023_J421,黃智弘,0.0
HK_2023_J423,周俊樂,0.0
HK_2023_J423,奧爾民,0.0
HK_2023_J423,巴度,0.15
HK_2023_J423,希威森,0.0
HK_2023_J423,梁家俊,0.0
HK_2023_J423,湯普新,0.0
HK_2023_J423,潘明輝,0.0
HK_2023_J423,田泰安,0.0
HK_2023_J423,袁幸堯,0.0
HK_2023_J423,貝知仁,0.0
HK_2023_J423,霍宏聲,0.0
HK_2023_J423,黃寶妮,0.0
HK_2023_J426,,0.0
HK_2023_J426,布文,0.15
HK_2023_J426,紀仁安,0.0
HK_2023_J426,莫雅,0.15
HK_2023_J426,黃智弘,0.15
HK_2023_J427,希威森,0.15
HK_2023_J427,楊明綸,0.0
HK_2023_J427,潘頓,0.0
HK_2023_J427,班德禮,0.0
HK_2023_J428,楊明綸,0.15
HK_2023_J428,潘頓,0.0
HK_2023_J431,布文,0.0
HK_2023_J431,潘頓,0.15
HK_2023_J431,艾兆禮,0.0
HK_2023_J431,蔡明紹,0.15
HK_2023_J431,霍宏聲,0.0
HK_2023_J437,周俊樂,0.0
HK_2023_J437,巴度,0.0
HK_2023_J437,杜苑欣,0.0
HK_2023_J437,潘頓,0.15
HK_2023_J437,艾兆禮,0.0
HK_2023_J437,霍宏聲,0.0
HK_2023_J442,,0.0
HK_2023_J442,何澤堯,0.0
HK_2023_J442,巴度,0.0
HK_2023_J442,梁家俊,0.1
HK_2023_J442,潘明輝,0.0
HK_2023_J442,潘頓,0.0
HK_2023_J442,班德禮,0.0
HK_2023_J442,田泰安,0.0
HK_2023_J442,艾兆禮,0.0
HK_2023_J442,莫雷拉,0.15
HK_2023_J442,蔡明紹,0.0
HK_2023_J444,周俊樂,0.0
HK_2023_J444,布文,0.15
HK_2023_J444,艾兆禮,0.0
HK_2023_J444,艾道拿,0.0
HK_2023_J444,董明朗,0.0
HK_2023_J444,貝知仁,0.0
HK_2023_J444,賀銘年,0.0
HK_2023_J444,金誠剛,0.0
HK_2023_J444,陳嘉熙,0.0
HK_2023_J444,霍宏聲,0.14285714285714285
HK_2023_J444,黃智弘,0.0
HK_2023_J445,布文,0.0
HK_2023_J445,杜苑欣,0.0
HK_2023_J445,梁家俊,0.0
HK_2023_J445,潘頓,0.0
HK_2023_J445,班德禮,0.15
HK_2023_J445,蔡明紹,0.0
HK_2023_J446,何澤堯,0.15
HK_2023_J446,周俊樂,0.0
HK_2023_J446,布文,0.15
HK_2023_J446,希威森,0.0
HK_2023_J446,梁家俊,0.15
HK_2023_J446,潘明輝,0.0
HK_2023_J446,潘頓,0.0
HK_2023_J446,班德禮,0.0
HK_2023_J446,田泰安,0.0
HK_2023_J446,紀仁安,0.0
HK_2023_J446,艾道拿,0.0
HK_2023_J446,薛恩,0.0
HK_2023_J447,何澤堯,0.0
HK_2023_J447,梁家俊,0.15
HK_2023_J447,楊明綸,0.0
HK_2023_J447,潘明輝,0.0
HK_2023_J447,田泰安,0.0
HK_2023_J447,紀仁安,0.0
HK_2023_J447,艾兆禮,0.0
HK_2023_J447,蔡明紹,0.0
HK_2023_J447,麥當能,0.0
HK_2023_J447,黃寶妮,0.0
HK_2023_J448,巫顯東,0.0
HK_2023_J448,巴度,0.0
HK_2023_J448,希威森,0.0
HK_2023_J448,梁家俊,0.0
HK_2023_J448,班德禮,0.0
HK_2023_J448,田泰安,0.0
HK_2023_J451,何澤堯,0.0
HK_2023_J451,布文,0.0
HK_2023_J451,布浩榮,0.0
HK_2023_J451,希威森,0.15
HK_2023_J451,潘明輝,0.0
HK_2023_J451,潘頓,0.0
HK_2023_J451,紀仁安,0.15
HK_2023_J451,艾兆禮,0.0
HK_2023_J451,董明朗,0.0
HK_2023_J451,袁幸堯,0.0
HK_2023_J451,貝知仁,0.0
HK_2023_J451,霍宏聲,0.0
HK_2023_J452,,0.0
HK_2023_J452,周俊樂,0.0
HK_2023_J452,梁家俊,0.0
HK_2023_J452,潘明輝,0.0
HK_2023_J452,潘頓,0.0
HK_2023_J452,田泰安,0.0
HK_2023_J452,艾兆禮,0.15
HK_2023_J452,蔡明紹,0.0
HK_2023_J452,袁幸堯,0.0
HK_2023_J452,金誠剛,0.0
HK_2023_J452,黃智弘,0.0
HK_2023_J454,希威森,0.0
HK_2023_J454,潘頓,0.15
HK_2023_J454,班德禮,0.15
HK_2023_J454,田泰安,0.0
HK_2023_J454,莫雷拉,0.0
HK_2023_J458,,0.0
HK_2023_J458,奧爾民,0.0
HK_2023_J458,布文,0.0
HK_2023_J458,楊明綸,0.0
HK_2023_J458,班德禮,0.0
HK_2023_J458,董明朗,0.0
HK_2023_J458,蔡明紹,0.0
HK_2023_J463,布文,0.15
HK_2023_J463,希威森,0.0
HK_2023_J463,楊明綸,0.0
HK_2023_J463,潘頓,0.0
HK_2023_J463,田泰安,0.0
HK_2023_J463,艾兆禮,0.0
HK_2023_J463,艾道拿,0.0
HK_2023_J465,何澤堯,0.0
HK_2023_J465,周俊樂,0.15
HK_2023_J465,巴度,0.15
HK_2023_J465,布宜學,0.15
HK_2023_J465,布文,0.0
HK_2023_J465,梁家俊,0.0
HK_2023_J465,潘頓,0.0
HK_2023_J465,田泰安,0.0
HK_2023_J465,蔡明紹,0.0
HK_2023_J465,霍宏聲,0.0
HK_2023_J465,黃寶妮,0.0
HK_2023_J467,楊明綸,0.1
HK_2023_J467,湯普新,0.0
HK_2023_J467,潘頓,0.0
HK_2023_J467,班德禮,0.0
HK_2023_J467,韋紀力,0.0
HK_2023_J468,周俊樂,0.0
HK_2023_J468,奧爾民,0.14285714285714285
HK_2023_J468,巴度,0.0
HK_2023_J468,杜苑欣,0.0
HK_2023_J468,楊明綸,0.0
HK_2023_J468,田泰安,0.0
HK_2023_J468,紀仁安,0.15
HK_2023_J479,,0.0
HK_2023_J479,周俊樂,0.0
HK_2023_J479,巴度,0.0
HK_2023_J479,巴米高,0.0
HK_2023_J479,潘頓,0.0
HK_2023_J479,田泰安,0.0
HK_2023_J479,艾兆禮,0.0
HK_2023_J479,莫雷拉,0.0
HK_2023_J479,霍宏聲,0.0
HK_2023_J480,巴度,0.0
HK_2023_J480,布浩榮,0.0
HK_2023_J480,希威森,0.0
HK_2023_J480,潘頓,0.0
HK_2023_J480,艾兆禮,0.0
HK_2023_J480,霍宏聲,0.0
HK_2023_J481,,0.0
HK_2023_J481,潘頓,0.15
HK_2023_J481,班德禮,0.0
HK_2023_J481,紀仁安,0.0
HK_2023_J481,艾兆禮,0.0
HK_2023_J481,麥道朗,0.0
HK_2023_J482,楊明綸,0.0
HK_2023_J482,紀仁安,0.0
HK_2023_J482,鍾易禮,0.0
HK_2023_J486,,0.0
HK_2023_J486,巫顯東,0.0
HK_2023_J486,潘明輝,0.0
HK_2023_J486,潘頓,0.15
HK_2023_J486,班德禮,0.0
HK_2023_J486,紀仁安,0.0
HK_2023_J486,袁幸堯,0.0
HK_2023_J486,貝知仁,0.0
HK_2023_J486,金誠剛,0.15
HK_2023_J487,周俊樂,0.15
HK_2023_J487,巴度,0.0
HK_2023_J487,布文,0.0
HK_2023_J487,梁家俊,0.0
HK_2023_J487,潘明輝,0.0
HK_2023_J487,田泰安,0.0
HK_2023_J487,艾兆禮,0.0
HK_2023_J487,蔡明紹,0.0
HK_2023_J487,袁幸堯,0.0
HK_2023_J487,霍宏聲,0.15
HK_2023_J488,周俊樂,0.15
HK_2023_J488,布文,0.0
HK_2023_J488,梁家俊,0.15
HK_2023_J488,潘明輝,0.0
HK_2023_J488,潘頓,0.15
HK_2023_J488,班德禮,0.0
HK_2023_J488,袁幸堯,0.15
HK_2023_J488,鍾易禮,0.0
HK_2023_J488,黃寶妮,0.0
HK_2023_J488,黃智弘,0.0
HK_2023_J494,周俊樂,0.0
HK_2023_J494,巴度,0.0
HK_2023_J494,布文,0.15
HK_2023_J494,希威森,0.0
HK_2023_J494,潘明輝,0.0
HK_2023_J494,潘頓,0.0
HK_2023_J494,班德禮,0.0
HK_2023_J494,蔡明紹,0.0
HK_2023_J494,鍾易禮,0.0
HK_2023_J494,霍宏聲,0.0
HK_2023_J498,奧爾民,0.15
HK_2023_J498,巴度,0.0
HK_2023_J498,潘明輝,0.0
HK_2023_J498,潘頓,0.15
HK_2023_J498,艾兆禮,0.0
HK_2023_J498,艾道拿,0.0
HK_2023_J499,,0.0
HK_2023_J499,奧爾民,0.0
HK_2023_J499,布文,0.0
HK_2023_J499,艾兆禮,0.15
HK_2023_J499,霍宏聲,0.0
HK_2023_J500,,0.0
HK_2023_J500,周俊樂,0.0
HK_2023_J500,巴度,0.0
HK_2023_J500,布浩榮,0.0
HK_2023_J500,梁家俊,0.0
HK_2023_J500,楊明綸,0.0
HK_2023_J500,潘頓,0.15
HK_2023_J500,班德禮,0.14285714285714285
HK_2023_J501,巫顯東,0.0
HK_2023_J501,梁家俊,0.0
HK_2023_J501,楊明綸,0.0
HK_2023_J501,潘明輝,0.0
HK_2023_J501,潘頓,0.15
HK_2023_J501,艾道拿,0.0
HK_2023_J501,霍宏聲,0.0
HK_2023_J502,周俊樂,0.0
HK_2023_J502,奧爾民,0.0
HK_2023_J502,希威森,0.0
HK_2023_J502,潘頓,0.0
HK_2023_J502,田泰安,0.0
HK_2023_J502,董明朗,0.0
HK_2023_J502,鍾易禮,0.0
HK_2023_J502,霍宏聲,0.0
HK_2023_J502,馬昆,0.0
HK_2023_J502,麥文堅,0.0
HK_2023_J502,麥道朗,0.15
HK_2023_J503,奧爾民,0.15
HK_2023_J503,布文,0.0
HK_2023_J503,潘大衛,0.0
HK_2023_J503,艾道拿,0.0
HK_2023_J503,莫雷拉,0.0
HK_2023_J503,蔡明紹,0.15
HK_2023_J504,何澤堯,0.0
HK_2023_J504,巴度,0.0
HK_2023_J504,布文,0.0
HK_2023_J504,希威森,0.0
HK_2023_J504,潘頓,0.15
HK_2023_J504,田泰安,0.0
HK_2023_J504,艾兆禮,0.0
HK_2023_J504,蔡明紹,0.0
HK_2023_J508,何澤堯,0.0
HK_2023_J508,周俊樂,0.0
HK_2023_J508,希威森,0.0
HK_2023_J508,楊明綸,0.0
HK_2023_J508,潘大衛,0.0
HK_2023_J508,潘明輝,0.0
HK_2023_J508,紀仁安,0.0
HK_2023_J508,莫雷拉,0.0
HK_2023_J508,霍宏聲,0.1
HK_2023_J509,,0.0
HK_2023_J509,奧爾民,0.0
HK_2023_J509,布文,0.0
HK_2023_J509,杜苑欣,0.0
HK_2023_J509,楊明綸,0.0
HK_2023_J509,潘大衛,0.0
HK_2023_J509,潘頓,0.15
HK_2023_J509,賀銘年,0.0
HK_2023_J509,金美琪,0.0
HK_2023_J509,霍宏聲,0.0
HK_2023_J509,黃寶妮,0.0
HK_2023_J510,,0.0
HK_2023_J510,巴度,0.15
HK_2023_J510,希威森,0.0
HK_2023_J510,梁家俊,0.0
HK_2023_J510,楊明綸,0.0
HK_2023_J510,湯普新,0.0
HK_2023_J510,班德禮,0.0
HK_2023_J510,田泰安,0.15
HK_2023_J510,紀仁安,0.0
HK_2023_J510,艾道拿,0.15
HK_2023_J510,薛恩,0.0
HK_2023_J510,金誠剛,0.0
HK_2023_J510,鍾易禮,0.0
HK_2023_J510,黃寶妮,0.0
HK_2023_J511,何澤堯,0.0
HK_2023_J511,巴度,0.0
HK_2023_J511,布文,0.0
HK_2023_J511,艾道拿,0.15
HK_2023_J511,貝知仁,0.0
HK_2023_J511,鍾易禮,0.0
HK_2023_J513,何澤堯,0.0
HK_2023_J513,奧爾民,0.15
HK_2023_J513,布文,0.0
HK_2023_J513,梁家俊,0.0
HK_2023_J513,潘明輝,0.0
HK_2023_J513,田泰安,0.0
HK_2023_J513,董明朗,0.0
HK_2023_J513,袁幸堯,0.0
HK_2023_J513,賀銘年,0.0
HK_2023_J513,金誠剛,0.0
HK_2023_J513,霍宏聲,0.15
HK_2023_J513,麥文堅,0.0
HK_2023_J513,黃智弘,0.0
HK_2023_J514,何澤堯,0.0
HK_2023_J514,巴度,0.15
HK_2023_J514,布文,0.0
HK_2023_J514,潘頓,0.15
HK_2023_J514,艾兆禮,0.15
HK_2023_J514,艾道拿,0.0
HK_2023_J514,蔡明紹,0.0
HK_2023_J514,霍宏聲,0.0
HK_2023_J515,巴度,0.0
HK_2023_J515,希威森,0.0
HK_2023_J515,楊明綸,0.0
HK_2023_J515,湯普新,0.0
HK_2023_J515,潘頓,0.15
HK_2023_J515,艾兆禮,0.0
HK_2023_J515,艾道拿,0.0
HK_2023_J516,,0.0
HK_2023_J516,何澤堯,0.0
HK_2023_J516,周俊樂,0.0
HK_2023_J516,布文,0.0
HK_2023_J516,艾道拿,0.0
HK_2023_J516,霍宏聲,0.14285714285714285
HK_2023_J517,,0.0
HK_2023_J517,班德禮,0.15
HK_2023_J519,,0.0
HK_2023_J519,周俊樂,0.15
HK_2023_J519,希威森,0.15
HK_2023_J519,潘明輝,0.0
HK_2023_J519,班德禮,0.0
HK_2023_J520,巴度,0.0
HK_2023_J520,艾兆禮,0.15
HK_2023_J520,艾道拿,0.15
HK_2023_J524,奧爾民,0.0
HK_2023_J524,梁家俊,0.0
HK_2023_J524,湯普新,0.0
HK_2023_J524,潘頓,0.0
HK_2023_J524,班德禮,0.0
HK_2023_J524,田泰安,0.15
HK_2023_J524,蔡明紹,0.0
HK_2023_J524,金誠剛,0.0
HK_2023_J524,麥道朗,0.0
HK_2023_J529,,0.0
HK_2023_J529,周俊樂,0.0
HK_2023_J529,巴度,0.14285714285714285
HK_2023_J529,杜苑欣,0.0
HK_2023_J529,湯普新,0.0
HK_2023_J529,潘頓,0.0
HK_2023_J529,田泰安,0.0
HK_2023_J529,艾道拿,0.15
HK_2023_J529,董明朗,0.0
HK_2023_J529,鍾易禮,0.0
HK_2023_J529,黃寶妮,0.0
HK_2023_J530,何澤堯,0.0
HK_2023_J530,周俊樂,0.0
HK_2023_J530,奧爾民,0.14285714285714285
HK_2023_J530,巴度,0.0
HK_2023_J530,布文,0.0
HK_2023_J530,梁家俊,0.15
HK_2023_J530,楊明綸,0.0
HK_2023_J530,潘明輝,0.0
HK_2023_J530,霍宏聲,0.0
HK_2023_J530,麥文堅,0.0
HK_2023_J530,黃寶妮,0.0
HK_2023_J532,奧爾民,0.0
HK_2023_J532,布浩榮,0.0
HK_2023_J532,湯普新,0.0
HK_2023_J532,潘明輝,0.0
HK_2023_J532,田泰安,0.0
HK_2023_J532,蔡明紹,0.0
HK_2023_J532,貝知仁,0.0
HK_2023_J532,鍾易禮,0.15
HK_2023_J532,黃寶妮,0.0
HK_2023_J532,黃智弘,0.0
HK_2023_J533,,0.0
HK_2023_J533,奧爾民,0.0
HK_2023_J533,梁家俊,0.15
HK_2023_J533,潘明輝,0.0
HK_2023_J533,班德禮,0.0
HK_2023_J533,簡國能,0.0
HK_2023_J533,賀銘年,0.0
HK_2023_J533,金誠剛,0.0
HK_2023_J534,布文,0.0
HK_2023_J534,梁家俊,0.15
HK_2023_J534,潘明輝,0.0
HK_2023_J534,班德禮,0.0
HK_2023_J534,蔡明紹,0.0
HK_2023_J534,霍宏聲,0.0
HK_2023_J535,楊明綸,0.0
HK_2023_J535,潘明輝,0.0
HK_2023_J535,田泰安,0.15
HK_2023_J535,艾兆禮,0.15
HK_2023_J535,艾道拿,0.0
HK_2023_J535,賀銘年,0.0
HK_2023_J535,鍾易禮,0.0
HK_2023_J536,周俊樂,0.0
HK_2023_J536,巴度,0.0
HK_2023_J536,潘明輝,0.0
HK_2023_J536,潘頓,0.15
HK_2023_J536,班德禮,0.0
HK_2023_J536,田泰安,0.0
HK_2023_J536,艾兆禮,0.15
HK_2023_J536,艾道拿,0.0
HK_2023_J536,蘇銘倫,0.0
HK_2023_J536,袁幸堯,0.0
HK_2023_J536,霍宏聲,0.0
HK_2023_J536,黃智弘,0.0
HK_2023_J537,,0.0
HK_2023_J537,楊明綸,0.0
HK_2023_J537,潘頓,0.0
HK_2023_J537,班德禮,0.15
HK_2023_J537,袁幸堯,0.0
HK_2023_J537,金美琪,0.0
HK_2023_J537,霍宏聲,0.0
HK_2023_J537,麥文堅,0.15
HK_2023_J539,,0.0
HK_2023_J539,希威森,0.0
HK_2023_J539,楊明綸,0.0
HK_2023_J539,潘頓,0.0
HK_2023_J539,貝知仁,0.0
HK_2023_J539,黃智弘,0.15
HK_2023_J540,周俊樂,0.0
HK_2023_J540,杜苑欣,0.15
HK_2023_J540,梁家俊,0.0
HK_2023_J540,潘明輝,0.0
HK_2023_J540,潘頓,0.15
HK_2023_J540,艾兆禮,0.0
HK_2023_J540,袁幸堯,0.0
HK_2023_J542,,0.0
HK_2023_J542,奧爾民,0.0
HK_2023_J542,巴度,0.0
HK_2023_J542,布文,0.0
HK_2023_J542,楊明綸,0.0
HK_2023_J542,潘頓,0.0
HK_2023_J542,田泰安,0.0
HK_2023_J542,艾兆禮,0.15
HK_2023_J542,艾道拿,0.0
HK_2023_J542,莫雅,0.0
HK_2023_J542,蔡明紹,0.0
HK_2023_J545,,0.0
HK_2023_J545,奧爾民,0.0
HK_2023_J545,希威森,0.0
HK_2023_J545,梁家俊,0.0
HK_2023_J545,潘頓,0.0
HK_2023_J545,艾道拿,0.0
HK_2023_J545,霍宏聲,0.0
HK_2023_J545,麥文堅,0.0
HK_2023_J545,麥道朗,0.0
HK_2024_K002,何澤堯,0.0
HK_2024_K002,巴度,0.0
HK_2024_K002,楊明綸,0.15
HK_2024_K002,潘明輝,0.0
HK_2024_K002,田泰安,0.0
HK_2024_K002,艾兆禮,0.0
HK_2024_K002,艾道拿,0.0
HK_2024_K003,,0.0
HK_2024_K003,周俊樂,0.0
HK_2024_K003,布文,0.0
HK_2024_K003,希威森,0.0
HK_2024_K003,艾兆禮,0.0
HK_2024_K003,霍宏聲,0.08333333333333333
HK_2024_K004,奧爾民,0.15
HK_2024_K004,巴度,0.15
HK_2024_K004,楊明綸,0.15
HK_2024_K004,田泰安,0.0
HK_2024_K004,紀仁安,0.15
HK_2024_K004,董明朗,0.0
HK_2024_K004,鍾易禮,0.0
HK_2024_K005,何澤堯,0.1
HK_2024_K005,周俊樂,0.15
HK_2024_K005,布文,0.0
HK_2024_K005,希威森,0.15
HK_2024_K005,潘頓,0.15
HK_2024_K005,田泰安,0.0
HK_2024_K005,艾兆禮,0.0
HK_2024_K005,黃寶妮,0.0
HK_2024_K006,,0.0
HK_2024_K006,奧爾民,0.0
HK_2024_K006,潘頓,0.0
HK_2024_K006,董明朗,0.09090909090909091
HK_2024_K006,麥文堅,0.0
HK_2024_K007,,0.0
HK_2024_K007,潘頓,0.15
HK_2024_K007,田泰安,0.0
HK_2024_K007,紀仁安,0.0
HK_2024_K007,艾兆禮,0.0
HK_2024_K007,艾道拿,0.15
HK_2024_K007,莫雅,0.0
HK_2024_K007,蔡明紹,0.0
HK_2024_K007,貝知仁,0.0
HK_2024_K007,麥道朗,0.0
HK_2024_K008,,0.0
HK_2024_K008,奧爾民,0.0
HK_2024_K008,布文,0.15
HK_2024_K008,潘頓,0.15
HK_2024_K009,,0.0
HK_2024_K009,周俊樂,0.0
HK_2024_K009,奧爾民,0.0
HK_2024_K009,布文,0.0
HK_2024_K009,布浩榮,0.0
HK_2024_K009,梁家俊,0.0
HK_2024_K009,潘大衛,0.0
HK_2024_K009,田泰安,0.0
HK_2024_K009,艾兆禮,0.0
HK_2024_K009,艾道拿,0.0
HK_2024_K009,蔡明紹,0.0
HK_2024_K009,金誠剛,0.0
HK_2024_K010,周俊樂,0.0
HK_2024_K010,巫顯東,0.0
HK_2024_K010,布文,0.15
HK_2024_K010,希威森,0.0
HK_2024_K010,潘頓,0.0
HK_2024_K010,莫雅,0.0
HK_2024_K010,金誠剛,0.0
HK_2024_K010,鍾易禮,0.0
HK_2024_K010,麥道朗,0.0
HK_2024_K010,黃智弘,0.0
HK_2024_K011,周俊樂,0.0
HK_2024_K011,布文,0.0
HK_2024_K011,霍宏聲,0.15
HK_2024_K012,,0.0
HK_2024_K012,nan,0.0
HK_2024_K012,周俊樂,0.0
HK_2024_K012,布文,0.0
HK_2024_K012,杜苑欣,0.0
HK_2024_K012,潘明輝,0.15
HK_2024_K012,潘頓,0.0
HK_2024_K012,田泰安,0.0
HK_2024_K012,艾兆禮,0.0
HK_2024_K012,貝知仁,0.0
HK_2024_K012,鍾易禮,0.0
HK_2024_K012,霍宏聲,0.0
HK_2024_K012,麥道朗,0.0
HK_2024_K014,,0.0
HK_2024_K014,周俊樂,0.0
HK_2024_K014,巴米高,0.0
HK_2024_K014,潘明輝,0.0
HK_2024_K014,潘頓,0.0
HK_2024_K014,田泰安,0.0
HK_2024_K014,艾兆禮,0.15
HK_2024_K014,麥道朗,0.15
HK_2024_K016,布文,0.0
HK_2024_K016,希威森,0.0
HK_2024_K016,湯普新,0.0
HK_2024_K016,潘頓,0.0
HK_2024_K016,田泰安,0.15
HK_2024_K016,艾兆禮,0.0
HK_2024_K016,蔡明紹,0.0
HK_2024_K016,袁幸堯,0.0
HK_2024_K016,鍾易禮,0.09090909090909091
HK_2024_K016,黃寶妮,0.0
HK_2024_K017,何澤堯,0.0
HK_2024_K017,奧爾民,0.0
HK_2024_K017,巴度,0.0
HK_2024_K017,布文,0.0
HK_2024_K017,潘頓,0.15
HK_2024_K017,田泰安,0.0
HK_2024_K017,艾道拿,0.0
HK_2024_K021,,0.0
HK_2024_K021,何澤堯,0.0
HK_2024_K021,巴度,0.0
HK_2024_K021,布文,0.0
HK_2024_K021,布浩榮,0.0
HK_2024_K021,楊明綸,0.0
HK_2024_K021,潘頓,0.0
HK_2024_K021,韋紀力,0.15
HK_2024_K024,,0.0
HK_2024_K024,奧爾民,0.0
HK_2024_K024,布文,0.0
HK_2024_K024,潘明輝,0.0
HK_2024_K024,艾兆禮,0.0
HK_2024_K024,艾道拿,0.0
HK_2024_K024,董明朗,0.0
HK_2024_K028,周俊樂,0.0
HK_2024_K028,希威森,0.0
HK_2024_K028,湯普新,0.0
HK_2024_K028,潘頓,0.0
HK_2024_K028,班德禮,0.0
HK_2024_K028,艾道拿,0.0
HK_2024_K028,霍宏聲,0.0
HK_2024_K028,麥道朗,0.0
HK_2024_K028,黃寶妮,0.0
HK_2024_K028,黃智弘,0.0
HK_2024_K029,,0.0
HK_2024_K029,何澤堯,0.0
HK_2024_K029,奧爾民,0.0
HK_2024_K029,巫顯東,0.0
HK_2024_K029,潘大衛,0.0
HK_2024_K029,班德禮,0.0
HK_2024_K029,董明朗,0.0
HK_2024_K031,希威森,0.0
HK_2024_K031,梁家俊,0.0
HK_2024_K031,潘頓,0.15
HK_2024_K031,班德禮,0.15
HK_2024_K031,紀仁安,0.0
HK_2024_K031,艾兆禮,0.0
HK_2024_K032,,0.0
HK_2024_K032,布文,0.15
HK_2024_K032,艾兆禮,0.15
HK_2024_K032,艾道拿,0.0
HK_2024_K033,,0.0
HK_2024_K033,何澤堯,0.0
HK_2024_K033,布文,0.14285714285714285
HK_2024_K033,布浩榮,0.15
HK_2024_K033,杜苑欣,0.0
HK_2024_K033,紀仁安,0.15
HK_2024_K033,艾兆禮,0.15
HK_2024_K033,艾道拿,0.0
HK_2024_K033,莫雅,0.0
HK_2024_K033,韋紀力,0.0
HK_2024_K035,何澤堯,0.0
HK_2024_K035,周俊樂,0.0
HK_2024_K035,巫顯東,0.0
HK_2024_K035,巴度,0.0
HK_2024_K035,梁家俊,0.0
HK_2024_K035,潘大衛,0.0
HK_2024_K035,班德禮,0.0
HK_2024_K035,田泰安,0.0
HK_2024_K035,蔡明紹,0.0
HK_2024_K037,潘頓,0.0
HK_2024_K037,田泰安,0.15
HK_2024_K037,艾兆禮,0.0
HK_2024_K037,艾道拿,0.0
HK_2024_K037,莫雅,0.0
HK_2024_K037,金誠剛,0.0
HK_2024_K037,霍宏聲,0.15
HK_2024_K037,麥文堅,0.0
HK_2024_K038,布浩榮,0.15
HK_2024_K038,楊明綸,0.0
HK_2024_K038,班德禮,0.0
HK_2024_K038,田泰安,0.0
HK_2024_K038,艾兆禮,0.0
HK_2024_K038,艾道拿,0.0
HK_2024_K038,蔡明紹,0.0
HK_2024_K038,賀銘年,0.0
HK_2024_K038,金誠剛,0.0
HK_2024_K039,巴度,0.0
HK_2024_K039,布文,0.0
HK_2024_K039,梁家俊,0.15
HK_2024_K039,楊明綸,0.0
HK_2024_K039,潘明輝,0.0
HK_2024_K039,潘頓,0.15
HK_2024_K040,,0.0
HK_2024_K040,布文,0.0
HK_2024_K040,布浩榮,0.15
HK_2024_K040,潘頓,0.0
HK_2024_K040,艾道拿,0.0
HK_2024_K040,麥道朗,0.0
HK_2024_K041,希威森,0.0
HK_2024_K041,艾兆禮,0.0
HK_2024_K041,莫雷拉,0.0
HK_2024_K041,賀銘年,0.15
HK_2024_K041,霍宏聲,0.0
HK_2024_K041,黃智弘,0.0
HK_2024_K043,,0.0
HK_2024_K043,巴度,0.0
HK_2024_K043,潘頓,0.15
HK_2024_K043,艾道拿,0.0
HK_2024_K043,霍宏聲,0.0
HK_2024_K047,,0.0
HK_2024_K047,奧爾民,0.0
HK_2024_K047,巫顯東,0.0
HK_2024_K047,巴度,0.0
HK_2024_K047,田泰安,0.0
HK_2024_K049,奧爾民,0.15
HK_2024_K049,巴度,0.0
HK_2024_K049,布文,0.0
HK_2024_K049,楊明綸,0.0
HK_2024_K049,潘大衛,0.0
HK_2024_K049,莫雷拉,0.0
HK_2024_K049,蔡明紹,0.0
HK_2024_K049,賀銘年,0.0
HK_2024_K049,金誠剛,0.0
HK_2024_K052,奧爾民,0.0
HK_2024_K052,巴度,0.0
HK_2024_K052,布文,0.15
HK_2024_K052,湯普新,0.0
HK_2024_K052,田泰安,0.15
HK_2024_K052,艾兆禮,0.125
HK_2024_K052,艾道拿,0.0
HK_2024_K052,賀銘年,0.0
HK_2024_K052,麥道朗,0.0
HK_2024_K054,,0.0
HK_2024_K054,何澤堯,0.0
HK_2024_K054,布文,0.15
HK_2024_K054,楊明綸,0.0
HK_2024_K054,艾道拿,0.0
HK_2024_K054,莫雷拉,0.15
HK_2024_K054,袁幸堯,0.0
HK_2024_K054,黃智弘,0.15
HK_2024_K056,奧爾民,0.15
HK_2024_K056,布文,0.0
HK_2024_K056,希威森,0.0
HK_2024_K056,杜苑欣,0.0
HK_2024_K056,楊明綸,0.0
HK_2024_K056,湯普新,0.0
HK_2024_K056,潘頓,0.125
HK_2024_K056,艾兆禮,0.0
HK_2024_K056,貝知仁,0.0
HK_2024_K056,韋紀力,0.0
HK_2024_K057,布文,0.15
HK_2024_K057,潘明輝,0.0
HK_2024_K057,潘頓,0.15
HK_2024_K057,田泰安,0.14285714285714285
HK_2024_K057,艾兆禮,0.0
HK_2024_K057,艾道拿,0.0
HK_2024_K058,奧爾民,0.0
HK_2024_K058,布浩榮,0.0
HK_2024_K058,潘明輝,0.0
HK_2024_K058,潘頓,0.0
HK_2024_K058,田泰安,0.0
HK_2024_K059,,0.0
HK_2024_K059,希威森,0.15
HK_2024_K059,杜苑欣,0.0
HK_2024_K059,楊明綸,0.0
HK_2024_K059,湯普新,0.0
HK_2024_K059,田泰安,0.0
HK_2024_K059,艾道拿,0.0
HK_2024_K059,鍾易禮,0.0
HK_2024_K059,黃寶妮,0.0
HK_2024_K059,黃智弘,0.0
HK_2024_K061,巴度,0.15
HK_2024_K061,布文,0.0
HK_2024_K061,希威森,0.0
HK_2024_K061,班德禮,0.0
HK_2024_K061,田泰安,0.0
HK_2024_K061,霍宏聲,0.15
HK_2024_K064,潘明輝,0.1111111111111111
HK_2024_K064,莫雷拉,0.15
HK_2024_K064,蔡明紹,0.0
HK_2024_K073,,0.0
HK_2024_K073,梁家俊,0.0
HK_2024_K073,潘明輝,0.15
HK_2024_K073,鍾易禮,0.0
HK_2024_K073,霍宏聲,0.0
HK_2024_K073,馬昆,0.0
HK_2024_K073,黃寶妮,0.0
HK_2024_K073,黃智弘,0.0
HK_2024_K074,,0.0
HK_2024_K074,巴度,0.0
HK_2024_K074,布文,0.15
HK_2024_K074,潘頓,0.15
HK_2024_K074,田泰安,0.0
HK_2024_K074,艾兆禮,0.0
HK_2024_K074,蔡明紹,0.0
HK_2024_K076,何澤堯,0.15
HK_2024_K076,奧爾民,0.0
HK_2024_K076,布浩榮,0.0
HK_2024_K076,潘頓,0.0
HK_2024_K076,班德禮,0.0
HK_2024_K076,田泰安,0.0
HK_2024_K076,麥文堅,0.0
HK_2024_K080,巴度,0.0
HK_2024_K080,杜苑欣,0.15
HK_2024_K080,梁家俊,0.15
HK_2024_K080,潘頓,0.0
HK_2024_K080,班德禮,0.0
HK_2024_K080,艾兆禮,0.0
HK_2024_K080,袁幸堯,0.15
HK_2024_K080,黃寶妮,0.0
HK_2024_K080,黃智弘,0.0
HK_2024_K081,希威森,0.15
HK_2024_K081,潘頓,0.0
HK_2024_K081,田泰安,0.0
HK_2024_K081,艾兆禮,0.14285714285714285
HK_2024_K081,蔡明紹,0.0
HK_2024_K081,霍宏聲,0.0
HK_2024_K081,麥文堅,0.15
HK_2024_K082,奧爾民,0.0
HK_2024_K082,布文,0.14285714285714285
HK_2024_K082,楊明綸,0.0
HK_2024_K082,湯普新,0.0
HK_2024_K082,潘明輝,0.0
HK_2024_K082,潘頓,0.0
HK_2024_K082,田泰安,0.0
HK_2024_K082,艾兆禮,0.0
HK_2024_K082,莫雅,0.0
HK_2024_K082,賀銘年,0.0
HK_2024_K082,韋紀力,0.0
HK_2024_K082,麥文堅,0.0
HK_2024_K084,,0.0
HK_2024_K084,何澤堯,0.0
HK_2024_K084,周俊樂,0.15
HK_2024_K084,湯普新,0.0
HK_2024_K084,班德禮,0.0
HK_2024_K084,田泰安,0.0
HK_2024_K084,蔡明紹,0.0
HK_2024_K089,巴度,0.0
HK_2024_K089,希威森,0.0
HK_2024_K089,楊明綸,0.0
HK_2024_K089,潘頓,0.0
HK_2024_K089,班德禮,0.0
HK_2024_K089,紀仁安,0.0
HK_2024_K089,艾道拿,0.0
HK_2024_K089,蔡明紹,0.0
HK_2024_K093,奧爾民,0.0
HK_2024_K093,巴度,0.0
HK_2024_K093,希威森,0.0
HK_2024_K093,梁家俊,0.0
HK_2024_K093,楊明綸,0.0
HK_2024_K093,潘頓,0.15
HK_2024_K093,班德禮,0.15
HK_2024_K093,艾兆禮,0.0
HK_2024_K093,霍宏聲,0.0
HK_2024_K093,黃寶妮,0.0
HK_2024_K096,巫顯東,0.0
HK_2024_K096,梁家俊,0.0
HK_2024_K096,蔡明紹,0.1
HK_2024_K096,袁幸堯,0.0
HK_2024_K097,何澤堯,0.0
HK_2024_K097,奧爾民,0.0
HK_2024_K097,布文,0.15
HK_2024_K097,潘明輝,0.0
HK_2024_K097,潘頓,0.0
HK_2024_K097,田泰安,0.0
HK_2024_K097,艾兆禮,0.0
HK_2024_K097,蔡明紹,0.15
HK_2024_K097,麥文堅,0.15
HK_2024_K097,黃寶妮,0.0
HK_2024_K098,,0.0
HK_2024_K098,希威森,0.0
HK_2024_K098,潘頓,0.15
HK_2024_K098,班德禮,0.0
HK_2024_K098,田泰安,0.1111111111111111
HK_2024_K098,艾道拿,0.15
HK_2024_K098,馬昆,0.0
HK_2024_K099,,0.0
HK_2024_K099,楊明綸,0.0
HK_2024_K099,湯普新,0.0
HK_2024_K099,班德禮,0.0
HK_2024_K099,袁幸堯,0.0
HK_2024_K099,賀銘年,0.0
HK_2024_K099,金誠剛,0.1
HK_2024_K101,周俊樂,0.0
HK_2024_K101,巴度,0.0
HK_2024_K101,布文,0.0
HK_2024_K101,楊明綸,0.0
HK_2024_K101,潘頓,0.15
HK_2024_K101,班德禮,0.0
HK_2024_K101,田泰安,0.0
HK_2024_K101,蔡明紹,0.0
HK_2024_K103,,0.0
HK_2024_K103,巫顯東,0.0
HK_2024_K103,班德禮,0.0
HK_2024_K103,田泰安,0.0
HK_2024_K103,蔡明紹,0.0
HK_2024_K103,金誠剛,0.15
HK_2024_K103,霍宏聲,0.0
HK_2024_K104,何澤堯,0.0
HK_2024_K104,希威森,0.0
HK_2024_K104,楊明綸,0.0
HK_2024_K104,湯普新,0.0
HK_2024_K104,田泰安,0.15
HK_2024_K105,何澤堯,0.0
HK_2024_K105,奧爾民,0.0
HK_2024_K105,潘頓,0.15
HK_2024_K105,艾兆禮,0.0
HK_2024_K105,霍宏聲,0.0
HK_2024_K105,麥文堅,0.0
HK_2024_K105,麥道朗,0.0
HK_2024_K106,何澤堯,0.0
HK_2024_K106,周俊樂,0.0
HK_2024_K106,巫顯東,0.0
HK_2024_K106,楊明綸,0.0
HK_2024_K106,潘頓,0.15
HK_2024_K106,班德禮,0.0
HK_2024_K106,霍宏聲,0.0
HK_2024_K107,,0.0
HK_2024_K107,巴度,0.0
HK_2024_K107,楊明綸,0.0
HK_2024_K107,莫雷拉,0.15
HK_2024_K107,黃智弘,0.0
HK_2024_K109,周俊樂,0.0
HK_2024_K109,奧爾民,0.0
HK_2024_K109,巴度,0.0
HK_2024_K109,潘明輝,0.0
HK_2024_K109,田泰安,0.0
HK_2024_K109,艾兆禮,0.0
HK_2024_K109,艾道拿,0.0
HK_2024_K109,賀銘年,0.0
HK_2024_K109,鍾易禮,0.0
HK_2024_K111,,0.0
HK_2024_K111,奧爾民,0.0
HK_2024_K111,巴度,0.0
HK_2024_K111,布文,0.0
HK_2024_K111,潘明輝,0.15
HK_2024_K111,潘頓,0.0
HK_2024_K111,田泰安,0.0
HK_2024_K111,艾兆禮,0.15
HK_2024_K111,霍宏聲,0.0
HK_2024_K111,黃寶妮,0.0
HK_2024_K112,,0.0
HK_2024_K112,布文,0.0
HK_2024_K112,潘明輝,0.0
HK_2024_K112,潘頓,0.0
HK_2024_K112,田泰安,0.0
HK_2024_K112,艾兆禮,0.0
HK_2024_K112,艾道拿,0.0
HK_2024_K112,黃寶妮,0.0
HK_2024_K114,周俊樂,0.15
HK_2024_K114,奧爾民,0.0
HK_2024_K114,布文,0.15
HK_2024_K114,潘明輝,0.15
HK_2024_K114,艾兆禮,0.0
HK_2024_K114,蔡明紹,0.0
HK_2024_K114,霍宏聲,0.0
HK_2024_K118,何澤堯,0.0
HK_2024_K118,周俊樂,0.0
HK_2024_K118,巴度,0.0
HK_2024_K118,布文,0.15
HK_2024_K118,布浩榮,0.0
HK_2024_K118,潘明輝,0.0
HK_2024_K118,田泰安,0.15
HK_2024_K118,艾兆禮,0.0
HK_2024_K118,艾道拿,0.0
HK_2024_K118,霍宏聲,0.0
HK_2024_K118,黃寶妮,0.0
HK_2024_K120,何澤堯,0.0
HK_2024_K120,希威森,0.0
HK_2024_K120,楊明綸,0.0
HK_2024_K120,潘大衛,0.0
HK_2024_K120,班德禮,0.0
HK_2024_K120,蔡明紹,0.0
HK_2024_K121,,0.0
HK_2024_K121,周俊樂,0.0
HK_2024_K121,杜苑欣,0.0
HK_2024_K121,潘頓,0.15
HK_2024_K121,班德禮,0.0
HK_2024_K121,田泰安,0.0
HK_2024_K121,蔡明紹,0.0
HK_2024_K121,金誠剛,0.15
HK_2024_K121,霍宏聲,0.0
HK_2024_K122,,0.0
HK_2024_K122,周俊樂,0.15
HK_2024_K122,梁家俊,0.0
HK_2024_K125,何澤堯,0.0
HK_2024_K125,巴度,0.0
HK_2024_K125,楊明綸,0.0
HK_2024_K125,湯普新,0.0
HK_2024_K125,艾兆禮,0.15
HK_2024_K125,莫雷拉,0.15
HK_2024_K125,董明朗,0.0
HK_2024_K125,貝知仁,0.0
HK_2024_K125,麥文堅,0.0
HK_2024_K125,黃智弘,0.15
HK_2024_K126,,0.0
HK_2024_K126,周俊樂,0.15
HK_2024_K126,巴度,0.0
HK_2024_K126,班德禮,0.0
HK_2024_K126,田泰安,0.0
HK_2024_K126,艾兆禮,0.0
HK_2024_K129,,0.0
HK_2024_K129,巫顯東,0.15
HK_2024_K130,,0.0
HK_2024_K130,周俊樂,0.15
HK_2024_K130,布文,0.0
HK_2024_K130,潘頓,0.15
HK_2024_K130,艾兆禮,0.0
HK_2024_K130,麥文堅,0.0
HK_2024_K130,麥道朗,0.0
HK_2024_K131,,0.0
HK_2024_K131,周俊樂,0.0
HK_2024_K131,奧爾民,0.0
HK_2024_K131,巴度,0.0
HK_2024_K131,梁家俊,0.15
HK_2024_K131,湯普新,0.0
HK_2024_K131,潘明輝,0.0
HK_2024_K131,袁幸堯,0.0
HK_2024_K131,金誠剛,0.0
HK_2024_K131,麥道朗,0.15
HK_2024_K132,希威森,0.0
HK_2024_K132,梁家俊,0.0
HK_2024_K132,楊明綸,0.0
HK_2024_K132,潘頓,0.0
HK_2024_K132,田泰安,0.1111111111111111
HK_2024_K134,,0.0
HK_2024_K134,楊明綸,0.0
HK_2024_K134,潘頓,0.0
HK_2024_K138,巫顯東,0.0
HK_2024_K138,布文,0.0
HK_2024_K138,梁家俊,0.0
HK_2024_K138,潘頓,0.0
HK_2024_K138,艾兆禮,0.15
HK_2024_K138,麥道朗,0.0
HK_2024_K143,何澤堯,0.0
HK_2024_K143,布文,0.0
HK_2024_K143,杜苑欣,0.0
HK_2024_K143,梁家俊,0.0
HK_2024_K143,潘明輝,0.0
HK_2024_K143,潘頓,0.0
HK_2024_K143,霍宏聲,0.15
HK_2024_K143,麥文堅,0.0
HK_2024_K143,黃寶妮,0.0
HK_2024_K144,布文,0.0
HK_2024_K144,艾道拿,0.0
HK_2024_K145,何澤堯,0.0
HK_2024_K145,周俊樂,0.0
HK_2024_K145,梁家俊,0.0
HK_2024_K145,潘頓,0.0
HK_2024_K145,紀仁安,0.15
HK_2024_K145,艾兆禮,0.0
HK_2024_K146,,0.0
HK_2024_K146,希威森,0.0
HK_2024_K146,梁家俊,0.15
HK_2024_K146,潘明輝,0.0
HK_2024_K146,霍宏聲,0.0
HK_2024_K148,奧爾民,0.0
HK_2024_K148,布文,0.0
HK_2024_K148,潘明輝,0.0
HK_2024_K148,潘頓,0.0
HK_2024_K148,艾兆禮,0.0
HK_2024_K148,艾道拿,0.0
HK_2024_K150,布文,0.0
HK_2024_K150,希威森,0.0
HK_2024_K150,潘頓,0.0
HK_2024_K150,田泰安,0.0
HK_2024_K150,紀仁安,0.0
HK_2024_K150,艾兆禮,0.0
HK_2024_K150,蔡明紹,0.0
HK_2024_K152,,0.0
HK_2024_K152,潘明輝,0.0
HK_2024_K152,潘頓,0.15
HK_2024_K152,田泰安,0.0
HK_2024_K152,紀仁安,0.0
HK_2024_K152,艾道拿,0.0
HK_2024_K154,周俊樂,0.0
HK_2024_K154,希威森,0.0
HK_2024_K154,潘明輝,0.0
HK_2024_K154,班德禮,0.0
HK_2024_K154,艾兆禮,0.0
HK_2024_K154,袁幸堯,0.0
HK_2024_K154,霍宏聲,0.0
HK_2024_K154,黃寶妮,0.0
HK_2024_K154,黃智弘,0.15
HK_2024_K155,周俊樂,0.0
HK_2024_K155,巴度,0.0
HK_2024_K155,布文,0.15
HK_2024_K155,希威森,0.0
HK_2024_K155,杜苑欣,0.0
HK_2024_K155,潘頓,0.0
HK_2024_K155,班德禮,0.0
HK_2024_K155,艾兆禮,0.0
HK_2024_K155,艾道拿,0.0
HK_2024_K155,鍾易禮,0.0
HK_2024_K155,馬昆,0.0
HK_2024_K156,,0.0
HK_2024_K156,布文,0.15
HK_2024_K156,班德禮,0.0
HK_2024_K156,蔡明紹,0.0
HK_2024_K156,鍾易禮,0.08333333333333333
HK_2024_K157,,0.0
HK_2024_K157,何澤堯,0.15
HK_2024_K157,希威森,0.0
HK_2024_K157,艾兆禮,0.15
HK_2024_K157,董明朗,0.0
HK_2024_K157,金誠剛,0.0
HK_2024_K159,巴度,0.0
HK_2024_K159,杜苑欣,0.0
HK_2024_K159,鍾易禮,0.0
HK_2024_K159,麥當能,0.0
HK_2024_K160,,0.0
HK_2024_K160,奧爾民,0.0
HK_2024_K160,杜苑欣,0.0
HK_2024_K160,潘明輝,0.0
HK_2024_K160,潘頓,0.0
HK_2024_K160,田泰安,0.0
HK_2024_K160,金誠剛,0.0
HK_2024_K160,馬昆,0.0
HK_2024_K161,何澤堯,0.0
HK_2024_K161,布文,0.0
HK_2024_K161,楊明綸,0.0
HK_2024_K161,班德禮,0.15
HK_2024_K161,田泰安,0.0
HK_2024_K161,艾道拿,0.0
HK_2024_K161,莫雷拉,0.0
HK_2024_K161,霍宏聲,0.0
HK_2024_K161,黃智弘,0.0
HK_2024_K162,,0.0
HK_2024_K162,巫顯東,0.0
HK_2024_K162,布文,0.15
HK_2024_K162,潘頓,0.0
HK_2024_K162,艾兆禮,0.0
HK_2024_K162,董明朗,0.0
HK_2024_K162,賀銘年,0.0
HK_2024_K162,金誠剛,0.0
HK_2024_K162,麥當能,0.0
HK_2024_K162,黃智弘,0.0
HK_2024_K165,巴度,0.0
HK_2024_K165,布文,0.15
HK_2024_K165,梁家俊,0.1111111111111111
HK_2024_K165,田泰安,0.15
HK_2024_K165,艾兆禮,0.0
HK_2024_K166,梁家俊,0.0
HK_2024_K166,楊明綸,0.0
HK_2024_K166,蔡明紹,0.0
HK_2024_K166,金誠剛,0.0
HK_2024_K167,,0.0
HK_2024_K167,布浩榮,0.0
HK_2024_K167,潘明輝,0.0
HK_2024_K167,潘頓,0.0
HK_2024_K167,田泰安,0.0
HK_2024_K167,艾兆禮,0.0
HK_2024_K167,霍宏聲,0.0
HK_2024_K168,何澤堯,0.09090909090909091
HK_2024_K168,奧爾民,0.0
HK_2024_K168,希威森,0.0
HK_2024_K168,楊明綸,0.0
HK_2024_K168,莫雅,0.15
HK_2024_K168,韋紀力,0.15
HK_2024_K168,馬昆,0.15
HK_2024_K172,,0.0
HK_2024_K172,何澤堯,0.0
HK_2024_K172,梁家俊,0.0
HK_2024_K172,潘頓,0.0
HK_2024_K172,莫雷拉,0.15
HK_2024_K173,,0.0
HK_2024_K173,希威森,0.0
HK_2024_K173,艾兆禮,0.15
HK_2024_K173,霍宏聲,0.0
HK_2024_K174,,0.0
HK_2024_K174,巴度,0.0
HK_2024_K174,楊明綸,0.0
HK_2024_K174,潘頓,0.0
HK_2024_K174,田泰安,0.14285714285714285
HK_2024_K174,艾道拿,0.0
HK_2024_K175,,0.0
HK_2024_K175,巴度,0.0
HK_2024_K175,潘明輝,0.0
HK_2024_K175,潘頓,0.0
HK_2024_K175,田泰安,0.0
HK_2024_K175,艾道拿,0.0
HK_2024_K175,黃寶妮,0.0
HK_2024_K176,周俊樂,0.0
HK_2024_K176,奧爾民,0.15
HK_2024_K176,希威森,0.0
HK_2024_K176,楊明綸,0.0
HK_2024_K176,紀仁安,0.0
HK_2024_K176,董明朗,0.0
HK_2024_K176,蔡明紹,0.15
HK_2024_K176,鍾易禮,0.0
HK_2024_K176,麥道朗,0.0
HK_2024_K176,黃寶妮,0.15
HK_2024_K176,黃智弘,0.0
HK_2024_K177,何澤堯,0.0
HK_2024_K177,楊明綸,0.0
HK_2024_K177,湯普新,0.0
HK_2024_K177,金誠剛,0.0
HK_2024_K178,,0.0
HK_2024_K178,奧爾民,0.14285714285714285
HK_2024_K178,湯普新,0.0
HK_2024_K180,周俊樂,0.0
HK_2024_K180,潘頓,0.15
HK_2024_K180,艾兆禮,0.0
HK_2024_K180,蔡明紹,0.15
HK_2024_K181,,0.0
HK_2024_K181,巴度,0.0
HK_2024_K181,楊明綸,0.0
HK_2024_K181,田泰安,0.0
HK_2024_K181,艾兆禮,0.0
HK_2024_K181,鍾易禮,0.0
HK_2024_K183,,0.0
HK_2024_K183,周俊樂,0.0
HK_2024_K183,田泰安,0.0
HK_2024_K183,艾兆禮,0.15
HK_2024_K184,,0.0
HK_2024_K184,潘頓,0.0
HK_2024_K184,田泰安,0.125
HK_2024_K184,艾兆禮,0.0
HK_2024_K184,麥文堅,0.0
HK_2024_K186,奧爾民,0.0
HK_2024_K186,希威森,0.14285714285714285
HK_2024_K189,周俊樂,0.0
HK_2024_K189,奧爾民,0.15
HK_2024_K189,巴度,0.0
HK_2024_K189,布文,0.15
HK_2024_K189,希威森,0.0
HK_2024_K189,班德禮,0.0
HK_2024_K189,田泰安,0.0
HK_2024_K189,艾兆禮,0.0
HK_2024_K189,艾道拿,0.0
HK_2024_K189,金誠剛,0.0
HK_2024_K189,霍宏聲,0.0
HK_2024_K189,麥文堅,0.0
HK_2024_K192,奧爾民,0.0
HK_2024_K192,巴度,0.15
HK_2024_K192,希威森,0.0
HK_2024_K192,湯普新,0.0
HK_2024_K192,潘頓,0.0
HK_2024_K192,紀仁安,0.0
HK_2024_K192,董明朗,0.0
HK_2024_K198,周俊樂,0.0
HK_2024_K198,布文,0.0
HK_2024_K198,梁家俊,0.0
HK_2024_K198,楊明綸,0.0
HK_2024_K198,湯普新,0.0
HK_2024_K198,潘明輝,0.0
HK_2024_K198,田泰安,0.0
HK_2024_K198,艾兆禮,0.0
HK_2024_K198,艾道拿,0.0
HK_2024_K198,黃智弘,0.0
HK_2024_K199,周俊樂,0.0
HK_2024_K199,奧爾民,0.0
HK_2024_K199,巴度,0.0
HK_2024_K199,梁家俊,0.0
HK_2024_K199,田泰安,0.0
HK_2024_K199,紀仁安,0.0
HK_2024_K199,艾兆禮,0.0
HK_2024_K199,霍宏聲,0.0
HK_2024_K201,,0.0
HK_2024_K201,何澤堯,0.0
HK_2024_K201,周俊樂,0.0
HK_2024_K201,潘頓,0.0
HK_2024_K201,艾兆禮,0.0
HK_2024_K201,蘇銘倫,0.0
HK_2024_K201,黃寶妮,0.15
HK_2024_K202,何澤堯,0.0
HK_2024_K202,周俊樂,0.0
HK_2024_K203,,0.0
HK_2024_K203,奧爾民,0.0
HK_2024_K203,巴度,0.0
HK_2024_K203,布文,0.0
HK_2024_K203,希威森,0.15
HK_2024_K203,梁家俊,0.0
HK_2024_K203,班德禮,0.0
HK_2024_K203,金誠剛,0.0
HK_2024_K204,布文,0.0
HK_2024_K204,艾道拿,0.0
HK_2024_K204,蔡明紹,0.15
HK_2024_K204,霍宏聲,0.15
HK_2024_K205,,0.0
HK_2024_K205,周俊樂,0.0
HK_2024_K205,布浩榮,0.0
HK_2024_K205,梁家俊,0.0
HK_2024_K205,艾兆禮,0.0
HK_2024_K206,,0.0
HK_2024_K206,奧爾民,0.0
HK_2024_K206,梁家俊,0.0
HK_2024_K206,蔡明紹,0.0
HK_2024_K206,霍宏聲,0.0
HK_2024_K209,希威森,0.0
HK_2024_K209,梁家俊,0.0
HK_2024_K209,楊明綸,0.0
HK_2024_K209,金誠剛,0.15
HK_2024_K209,鍾易禮,0.0
HK_2024_K209,霍宏聲,0.0
HK_2024_K211,,0.0
HK_2024_K211,班德禮,0.0
HK_2024_K211,艾道拿,0.0
HK_2024_K211,麥文堅,0.0
HK_2024_K215,巴度,0.0
HK_2024_K215,布文,0.0
HK_2024_K215,希威森,0.0
HK_2024_K215,潘頓,0.0
HK_2024_K215,艾兆禮,0.0
HK_2024_K215,艾道拿,0.0
HK_2024_K215,麥道朗,0.0
HK_2024_K216,巴度,0.0
HK_2024_K216,布文,0.0
HK_2024_K216,李寶利,0.0
HK_2024_K216,楊明綸,0.0
HK_2024_K216,湯普新,0.0
HK_2024_K216,潘頓,0.0
HK_2024_K216,紀仁安,0.0
HK_2024_K216,艾兆禮,0.0
HK_2024_K216,蔡明紹,0.0
HK_2024_K217,巴度,0.0
HK_2024_K217,希威森,0.0
HK_2024_K217,梁家俊,0.0
HK_2024_K217,田泰安,0.0
HK_2024_K217,金誠剛,0.0
HK_2024_K217,霍宏聲,0.0
HK_2024_K218,,0.0
HK_2024_K218,潘頓,0.15
HK_2024_K218,艾道拿,0.0
HK_2024_K218,莫雷拉,0.0
HK_2024_K223,,0.0
HK_2024_K223,周俊樂,0.0
HK_2024_K223,布浩榮,0.0
HK_2024_K223,潘頓,0.15
HK_2024_K223,田泰安,0.0
HK_2024_K223,艾兆禮,0.0
HK_2024_K223,艾道拿,0.0
HK_2024_K223,霍宏聲,0.0
HK_2024_K226,何澤堯,0.0
HK_2024_K226,周俊樂,0.0
HK_2024_K226,班德禮,0.15
HK_2024_K226,艾道拿,0.0
HK_2024_K226,莫雷拉,0.0
HK_2024_K226,馬昆,0.0
HK_2024_K226,麥道朗,0.0
HK_2024_K227,,0.0
HK_2024_K227,布浩榮,0.0
HK_2024_K227,潘頓,0.15
HK_2024_K227,艾兆禮,0.15
HK_2024_K228,奧爾民,0.0
HK_2024_K228,布文,0.0
HK_2024_K228,楊明綸,0.0
HK_2024_K228,潘明輝,0.0
HK_2024_K228,班德禮,0.0
HK_2024_K228,艾兆禮,0.0
HK_2024_K228,蔡明紹,0.0
HK_2024_K228,袁幸堯,0.0
HK_2024_K228,黃寶妮,0.0
HK_2024_K229,周俊樂,0.0
HK_2024_K229,奧爾民,0.0
HK_2024_K229,巴度,0.0
HK_2024_K229,楊明綸,0.1
HK_2024_K229,湯普新,0.0
HK_2024_K229,田泰安,0.0
HK_2024_K230,奧爾民,0.0
HK_2024_K230,巫顯東,0.0
HK_2024_K230,楊明綸,0.0
HK_2024_K230,湯普新,0.0
HK_2024_K230,田泰安,0.0
HK_2024_K230,董明朗,0.0
HK_2024_K230,蔡明紹,0.0
HK_2024_K230,金誠剛,0.0
HK_2024_K230,鍾易禮,0.0
HK_2024_K231,潘頓,0.0
HK_2024_K231,蔡明紹,0.0
HK_2024_K231,鍾易禮,0.05263157894736842
HK_2024_K234,希威森,0.125
HK_2024_K234,潘頓,0.15
HK_2024_K234,班德禮,0.0
HK_2024_K234,艾道拿,0.15
HK_2024_K234,霍宏聲,0.0
HK_2024_K234,麥道朗,0.0
HK_2024_K234,黃寶妮,0.0
HK_2024_K235,奧爾民,0.15
HK_2024_K235,巴度,0.0
HK_2024_K236,梁家俊,0.0
HK_2024_K236,潘頓,0.15
HK_2024_K236,金誠剛,0.15
HK_2024_K237,,0.0
HK_2024_K237,何澤堯,0.0
HK_2024_K237,楊明綸,0.15
HK_2024_K238,,0.0
HK_2024_K238,奧爾民,0.15
HK_2024_K238,潘頓,0.0
HK_2024_K238,董明朗,0.15
HK_2024_K238,麥道朗,0.15
HK_2024_K239,,0.0
HK_2024_K239,周俊樂,0.0
HK_2024_K239,梁家俊,0.0
HK_2024_K239,潘明輝,0.0
HK_2024_K239,班德禮,0.0
HK_2024_K239,莫雷拉,0.15
HK_2024_K239,金誠剛,0.0
HK_2024_K239,黃智弘,0.0
HK_2024_K240,梁家俊,0.0
HK_2024_K240,潘頓,0.0
HK_2024_K245,,0.0
HK_2024_K245,布文,0.0
HK_2024_K245,紀仁安,0.15
HK_2024_K245,艾兆禮,0.0
HK_2024_K245,艾道拿,0.0
HK_2024_K245,莫雅,0.15
HK_2024_K245,韋紀力,0.0
HK_2024_K245,麥文堅,0.0
HK_2024_K245,麥道朗,0.0
HK_2024_K246,何澤堯,0.15
HK_2024_K246,潘頓,0.15
HK_2024_K246,霍宏聲,0.15
HK_2024_K249,何澤堯,0.0
HK_2024_K249,梁家俊,0.15
HK_2024_K249,袁幸堯,0.0
HK_2024_K250,奧爾民,0.0
HK_2024_K250,巴度,0.0
HK_2024_K250,布浩榮,0.0
HK_2024_K250,希威森,0.0
HK_2024_K250,梁家俊,0.0
HK_2024_K250,潘大衛,0.0
HK_2024_K250,霍宏聲,0.0
HK_2024_K250,麥文堅,0.0
HK_2024_K252,,0.0
HK_2024_K252,巴度,0.0
HK_2024_K252,布文,0.0
HK_2024_K252,潘頓,0.0
HK_2024_K252,田泰安,0.0
HK_2024_K252,艾兆禮,0.0
HK_2024_K252,艾道拿,0.14285714285714285
HK_2024_K252,賀銘年,0.0
HK_2024_K252,韋紀力,0.0
HK_2024_K253,何澤堯,0.0
HK_2024_K253,希威森,0.0
HK_2024_K253,董明朗,0.0
HK_2024_K253,蔡明紹,0.0
HK_2024_K253,霍宏聲,0.0
HK_2024_K254,,0.0
HK_2024_K254,周俊樂,0.15
HK_2024_K254,巴度,0.0
HK_2024_K254,布浩榮,0.0
HK_2024_K254,湯普新,0.0
HK_2024_K254,潘明輝,0.0
HK_2024_K254,蔡明紹,0.0
HK_2024_K254,賀銘年,0.0
HK_2024_K254,金誠剛,0.0
HK_2024_K254,霍宏聲,0.0
HK_2024_K254,麥文堅,0.0
HK_2024_K255,希威森,0.14285714285714285
HK_2024_K255,田泰安,0.0
HK_2024_K255,金誠剛,0.0
HK_2024_K255,鍾易禮,0.0
HK_2024_K255,黃智弘,0.0
HK_2024_K256,,0.0
HK_2024_K256,奧爾民,0.0
HK_2024_K256,潘大衛,0.0
HK_2024_K256,潘明輝,0.0
HK_2024_K256,蔡明紹,0.0
HK_2024_K256,黃智弘,0.0
HK_2024_K258,,0.0
HK_2024_K258,巴度,0.0
HK_2024_K258,希威森,0.0
HK_2024_K258,梁家俊,0.15
HK_2024_K258,潘頓,0.0
HK_2024_K259,周俊樂,0.0
HK_2024_K259,梁家俊,0.0
HK_2024_K259,楊明綸,0.0
HK_2024_K259,潘明輝,0.0
HK_2024_K259,艾兆禮,0.0
HK_2024_K259,艾道拿,0.0
HK_2024_K259,蔡明紹,0.0
HK_2024_K259,鍾易禮,0.0
HK_2024_K260,,0.0
HK_2024_K260,希威森,0.0
HK_2024_K260,杜苑欣,0.0
HK_2024_K260,潘頓,0.15
HK_2024_K260,艾兆禮,0.0
HK_2024_K260,艾道拿,0.0
HK_2024_K260,鍾易禮,0.0
HK_2024_K261,,0.0
HK_2024_K261,奧爾民,0.0
HK_2024_K261,希威森,0.0
HK_2024_K261,潘頓,0.0
HK_2024_K261,霍宏聲,0.0
HK_2024_K263,,0.0
HK_2024_K263,潘大衛,0.0
HK_2024_K263,田泰安,0.0
HK_2024_K263,賀銘年,0.0
HK_2024_K264,nan,0.0
HK_2024_K264,奧爾民,0.15
HK_2024_K264,巫顯東,0.0
HK_2024_K264,楊明綸,0.0
HK_2024_K264,湯普新,0.0
HK_2024_K264,潘明輝,0.0
HK_2024_K264,班德禮,0.0
HK_2024_K264,田泰安,0.0
HK_2024_K264,紀仁安,0.0
HK_2024_K264,蔡明紹,0.0
HK_2024_K264,金誠剛,0.0
HK_2024_K264,鍾易禮,0.0
HK_2024_K265,奧爾民,0.0
HK_2024_K265,潘明輝,0.0
HK_2024_K265,艾兆禮,0.0
HK_2024_K265,蔡明紹,0.0
HK_2024_K265,麥文堅,0.0
HK_2024_K265,黃智弘,0.0
HK_2024_K266,何澤堯,0.0
HK_2024_K266,巫顯東,0.0
HK_2024_K266,梁家俊,0.0
HK_2024_K266,潘明輝,0.0
HK_2024_K266,田泰安,0.15
HK_2024_K266,金誠剛,0.0
HK_2024_K266,霍宏聲,0.0
HK_2024_K271,巴度,0.0
HK_2024_K271,布文,0.0
HK_2024_K271,希威森,0.0
HK_2024_K271,潘頓,0.0
HK_2024_K271,艾兆禮,0.0
HK_2024_K271,金誠剛,0.0
HK_2024_K271,鍾易禮,0.15
HK_2024_K271,霍宏聲,0.0
HK_2024_K271,麥文堅,0.0
HK_2024_K271,麥道朗,0.15
HK_2024_K275,,0.0
HK_2024_K275,奧爾民,0.0
HK_2024_K275,巴度,0.0
HK_2024_K275,蔡明紹,0.0
HK_2024_K275,金誠剛,0.14285714285714285
HK_2024_K275,霍宏聲,0.0
HK_2024_K276,奧爾民,0.0
HK_2024_K276,布文,0.0
HK_2024_K276,班德禮,0.0
HK_2024_K276,金誠剛,0.0
HK_2024_K276,霍宏聲,0.0
HK_2024_K277,何澤堯,0.0
HK_2024_K277,巴度,0.15
HK_2024_K277,楊明綸,0.0
HK_2024_K277,潘明輝,0.0
HK_2024_K277,潘頓,0.0
HK_2024_K277,紀仁安,0.0
HK_2024_K277,霍宏聲,0.0
HK_2024_K278,,0.0
HK_2024_K278,布文,0.0
HK_2024_K278,艾兆禮,0.0
HK_2024_K279,,0.0
HK_2024_K279,奧爾民,0.0
HK_2024_K279,布文,0.0
HK_2024_K279,潘明輝,0.0
HK_2024_K279,艾兆禮,0.0
HK_2024_K279,艾道拿,0.0
HK_2024_K280,,0.0
HK_2024_K280,何澤堯,0.0
HK_2024_K280,巴度,0.0
HK_2024_K280,杜苑欣,0.0
HK_2024_K280,梁家俊,0.0
HK_2024_K280,潘明輝,0.0
HK_2024_K280,潘頓,0.0
HK_2024_K280,田泰安,0.0
HK_2024_K280,麥道朗,0.0
HK_2024_K282,周俊樂,0.0
HK_2024_K282,希威森,0.0
HK_2024_K282,潘頓,0.0
HK_2024_K282,紀仁安,0.0
HK_2024_K282,艾道拿,0.0
HK_2024_K282,黃智弘,0.0
HK_2024_K283,布文,0.0
HK_2024_K283,李慕華,0.0
HK_2024_K283,潘頓,0.15
HK_2024_K283,田泰安,0.0
HK_2024_K283,霍宏聲,0.0
HK_2024_K283,黃寶妮,0.0
HK_2024_K284,潘明輝,0.0
HK_2024_K284,田泰安,0.0
HK_2024_K284,艾兆禮,0.15
HK_2024_K284,霍宏聲,0.0
HK_2024_K284,黃寶妮,0.0
HK_2024_K285,奧爾民,0.0
HK_2024_K285,潘頓,0.0
HK_2024_K285,田泰安,0.0
HK_2024_K285,蘇銘倫,0.0
HK_2024_K285,黃智弘,0.0
HK_2024_K286,,0.0
HK_2024_K286,楊明綸,0.0
HK_2024_K286,田泰安,0.0
HK_2024_K286,賀銘年,0.0
HK_2024_K286,鍾易禮,0.0
HK_2024_K287,周俊樂,0.0
HK_2024_K287,梁家俊,0.0
HK_2024_K287,潘明輝,0.0
HK_2024_K287,潘頓,0.0
HK_2024_K287,班德禮,0.0
HK_2024_K287,金誠剛,0.0
HK_2024_K287,馬昆,0.0
HK_2024_K290,巴度,0.0
HK_2024_K290,希威森,0.0
HK_2024_K290,梁家俊,0.0
HK_2024_K290,田泰安,0.0
HK_2024_K290,鍾易禮,0.0
HK_2024_K290,霍宏聲,0.15
HK_2024_K290,黃寶妮,0.0
HK_2024_K293,周俊樂,0.15
HK_2024_K293,楊明綸,0.1
HK_2024_K293,黃寶妮,0.0
HK_2024_K293,黃智弘,0.0
HK_2024_K294,何澤堯,0.0
HK_2024_K294,巴度,0.0
HK_2024_K294,布文,0.0
HK_2024_K294,湯普新,0.15
HK_2024_K294,班德禮,0.0
HK_2024_K294,紀仁安,0.0
HK_2024_K294,蔡明紹,0.0
HK_2024_K294,麥文堅,0.15
HK_2024_K295,周俊樂,0.0
HK_2024_K295,布文,0.0
HK_2024_K295,希威森,0.0
HK_2024_K295,田泰安,0.0
HK_2024_K295,黃寶妮,0.0
HK_2024_K295,黃智弘,0.0
HK_2024_K296,布文,0.15
HK_2024_K296,潘頓,0.15
HK_2024_K296,霍宏聲,0.15
HK_2024_K296,麥道朗,0.0
HK_2024_K297,,0.0
HK_2024_K297,奧爾民,0.0
HK_2024_K297,艾兆禮,0.0
HK_2024_K297,艾道拿,0.0
HK_2024_K297,莫雷拉,0.0
HK_2024_K297,麥道朗,0.0
HK_2024_K297,黃智弘,0.15
HK_2024_K298,潘頓,0.0
HK_2024_K298,霍宏聲,0.15
HK_2024_K298,麥道朗,0.15
HK_2024_K300,,0.0
HK_2024_K300,周俊樂,0.15
HK_2024_K300,潘大衛,0.0
HK_2024_K300,潘明輝,0.0
HK_2024_K300,田泰安,0.0
HK_2024_K300,莫雷拉,0.15
HK_2024_K300,霍宏聲,0.0
HK_2024_K301,潘頓,0.0
HK_2024_K301,鍾易禮,0.0
HK_2024_K302,,0.0
HK_2024_K302,何澤堯,0.15
HK_2024_K302,楊明綸,0.15
HK_2024_K302,湯普新,0.0
HK_2024_K302,田泰安,0.0
HK_2024_K305,,0.0
HK_2024_K305,周俊樂,0.0
HK_2024_K305,巴度,0.0
HK_2024_K305,希威森,0.07142857142857142
HK_2024_K305,潘頓,0.0
HK_2024_K305,艾兆禮,0.0
HK_2024_K305,霍宏聲,0.0
HK_2024_K306,何澤堯,0.0
HK_2024_K306,巴度,0.0
HK_2024_K306,布文,0.15
HK_2024_K306,湯普新,0.0
HK_2024_K306,潘大衛,0.0
HK_2024_K306,班德禮,0.0
HK_2024_K306,田泰安,0.0
HK_2024_K306,董明朗,0.0
HK_2024_K306,黃智弘,0.0
HK_2024_K307,周俊樂,0.15
HK_2024_K307,奧爾民,0.0
HK_2024_K307,希威森,0.0
HK_2024_K307,杜苑欣,0.0
HK_2024_K307,潘頓,0.0
HK_2024_K307,田泰安,0.0
HK_2024_K307,紀仁安,0.0
HK_2024_K307,蔡明紹,0.0
HK_2024_K307,霍宏聲,0.0
HK_2024_K308,nan,0.0
HK_2024_K308,巫顯東,0.0
HK_2024_K308,希威森,0.0
HK_2024_K308,董明朗,0.0
HK_2024_K308,金誠剛,0.0
HK_2024_K310,潘明輝,0.1
HK_2024_K310,潘頓,0.0
HK_2024_K310,金誠剛,0.0
HK_2024_K311,,0.0
HK_2024_K311,布文,0.0
HK_2024_K311,潘明輝,0.0
HK_2024_K311,霍宏聲,0.0
HK_2024_K312,巴度,0.0
HK_2024_K312,希威森,0.0
HK_2024_K312,杜苑欣,0.15
HK_2024_K312,梁家俊,0.0
HK_2024_K312,潘明輝,0.15
HK_2024_K312,潘頓,0.0
HK_2024_K312,紀仁安,0.0
HK_2024_K312,袁幸堯,0.0
HK_2024_K313,奧爾民,0.05263157894736842
HK_2024_K313,巴度,0.15
HK_2024_K314,巴度,0.0
HK_2024_K314,布文,0.15
HK_2024_K314,湯普新,0.0
HK_2024_K314,班德禮,0.0
HK_2024_K314,田泰安,0.0
HK_2024_K314,紀仁安,0.0
HK_2024_K314,艾兆禮,0.0
HK_2024_K314,艾道拿,0.0
HK_2024_K315,巴度,0.0
HK_2024_K315,潘明輝,0.0
HK_2024_K315,潘頓,0.0
HK_2024_K315,田泰安,0.0
HK_2024_K315,黃寶妮,0.0
HK_2024_K318,,0.0
HK_2024_K318,何澤堯,0.0
HK_2024_K318,希威森,0.0
HK_2024_K318,梁家俊,0.0
HK_2024_K318,潘頓,0.15
HK_2024_K319,周俊樂,0.125
HK_2024_K319,奧爾民,0.0
HK_2024_K319,潘頓,0.0
HK_2024_K319,艾兆禮,0.0
HK_2024_K319,霍宏聲,0.0
HK_2024_K320,巴度,0.0
HK_2024_K320,布浩榮,0.0
HK_2024_K320,李寶利,0.0
HK_2024_K320,潘明輝,0.0
HK_2024_K320,潘頓,0.15
HK_2024_K320,袁幸堯,0.0
HK_2024_K320,黃智弘,0.0
HK_2024_K321,,0.0
HK_2024_K321,梁家俊,0.15
HK_2024_K321,潘明輝,0.0
HK_2024_K321,潘頓,0.0
HK_2024_K321,艾兆禮,0.0
HK_2024_K321,袁幸堯,0.0
HK_2024_K321,麥文堅,0.0
HK_2024_K322,,0.0
HK_2024_K322,巴度,0.0
HK_2024_K322,布文,0.14285714285714285
HK_2024_K322,艾道拿,0.0
HK_2024_K323,周俊樂,0.0
HK_2024_K323,奧爾民,0.0
HK_2024_K323,希威森,0.0
HK_2024_K323,潘頓,0.0
HK_2024_K323,艾兆禮,0.0
HK_2024_K323,蔡明紹,0.0
HK_2024_K323,金誠剛,0.0
HK_2024_K325,奧爾民,0.0
HK_2024_K325,潘頓,0.15
HK_2024_K325,艾道拿,0.15
HK_2024_K325,霍宏聲,0.0
HK_2024_K326,,0.0
HK_2024_K326,潘頓,0.0
HK_2024_K326,田泰安,0.0
HK_2024_K327,梁家俊,0.0
HK_2024_K327,潘明輝,0.125
HK_2024_K329,,0.0
HK_2024_K329,楊明綸,0.0
HK_2024_K329,霍宏聲,0.0
HK_2024_K330,,0.0
HK_2024_K330,周俊樂,0.0
HK_2024_K330,奧爾民,0.0
HK_2024_K330,巫顯東,0.0
HK_2024_K330,楊明綸,0.0
HK_2024_K330,黃寶妮,0.0
HK_2024_K332,杜苑欣,0.0
HK_2024_K332,田泰安,0.0
HK_2024_K332,賀銘年,0.0
HK_2024_K332,霍宏聲,0.0
HK_2024_K333,周俊樂,0.0
HK_2024_K333,班德禮,0.0
HK_2024_K333,鍾易禮,0.15
HK_2024_K334,周俊樂,0.0
HK_2024_K334,潘頓,0.15
HK_2024_K334,田泰安,0.0
HK_2024_K336,梁家俊,0.0
HK_2024_K336,班德禮,0.0
HK_2024_K336,金誠剛,0.0
HK_2024_K339,周俊樂,0.0
HK_2024_K339,布浩榮,0.15
HK_2024_K339,梁家俊,0.0
HK_2024_K339,田泰安,0.0
HK_2024_K339,袁幸堯,0.0
HK_2024_K340,周俊樂,0.0
HK_2024_K340,奧爾民,0.0
HK_2024_K340,布文,0.0
HK_2024_K340,梁家俊,0.15
HK_2024_K340,班德禮,0.0
HK_2024_K340,蔡明紹,0.0
HK_2024_K341,,0.0
HK_2024_K341,何澤堯,0.0
HK_2024_K341,奧爾民,0.15
HK_2024_K341,布文,0.0
HK_2024_K341,希威森,0.0
HK_2024_K341,梁家俊,0.0
HK_2024_K341,班德禮,0.15
HK_2024_K341,紀仁安,0.0
HK_2024_K341,韋紀力,0.0
HK_2024_K342,何澤堯,0.0
HK_2024_K342,布文,0.15
HK_2024_K342,楊明綸,0.0
HK_2024_K342,潘明輝,0.0
HK_2024_K342,潘頓,0.15
HK_2024_K342,田泰安,0.0
HK_2024_K342,紀仁安,0.0
HK_2024_K342,艾兆禮,0.0
HK_2024_K343,,0.0
HK_2024_K343,周俊樂,0.0
HK_2024_K343,奧爾民,0.0
HK_2024_K343,巴度,0.0
HK_2024_K343,潘頓,0.0
HK_2024_K343,艾兆禮,0.0
HK_2024_K344,梁家俊,0.0
HK_2024_K344,田泰安,0.0
HK_2024_K344,蔡明紹,0.0
HK_2024_K347,,0.0
HK_2024_K347,nan,0.0
HK_2024_K347,巴度,0.15
HK_2024_K347,潘大衛,0.0
HK_2024_K347,班德禮,0.0
HK_2024_K347,莫雷拉,0.15
HK_2024_K347,黃智弘,0.0
HK_2024_K350,巴度,0.15
HK_2024_K350,潘頓,0.15
HK_2024_K350,莫雷拉,0.0
HK_2024_K350,鍾易禮,0.15
HK_2024_K351,,0.0
HK_2024_K351,巫顯東,0.0
HK_2024_K351,巴度,0.0
HK_2024_K351,蔡明紹,0.0
HK_2024_K351,黃寶妮,0.0
HK_2024_K352,周俊樂,0.0
HK_2024_K352,奧爾民,0.0
HK_2024_K352,艾兆禮,0.0
HK_2024_K352,艾道拿,0.0
HK_2024_K352,霍宏聲,0.125
HK_2024_K353,,0.0
HK_2024_K353,梁家俊,0.0
HK_2024_K353,潘頓,0.0
HK_2024_K353,班德禮,0.0
HK_2024_K353,田泰安,0.0
HK_2024_K353,金誠剛,0.0
HK_2024_K353,鍾易禮,0.0
HK_2024_K354,何澤堯,0.0
HK_2024_K354,潘大衛,0.0
HK_2024_K355,巴度,0.0
HK_2024_K355,布文,0.0
HK_2024_K355,希威森,0.0
HK_2024_K355,艾兆禮,0.0
HK_2024_K355,莫雷拉,0.15
HK_2024_K355,賀銘年,0.0
HK_2024_K355,黃智弘,0.0
HK_2024_K356,,0.0
HK_2024_K356,艾兆禮,0.0
HK_2024_K356,金誠剛,0.15
HK_2024_K357,周俊樂,0.0
HK_2024_K357,奧爾民,0.0
HK_2024_K357,梁家俊,0.0
HK_2024_K357,袁幸堯,0.0
HK_2024_K357,黃寶妮,0.0
HK_2024_K358,,0.0
HK_2024_K358,周俊樂,0.0
HK_2024_K358,梁家俊,0.0
HK_2024_K358,紀仁安,0.0
HK_2024_K358,蔡明紹,0.0
HK_2024_K358,麥文堅,0.0
HK_2024_K362,何澤堯,0.0
HK_2024_K362,梁家俊,0.0
HK_2024_K362,潘頓,0.0
HK_2024_K362,紀仁安,0.0
HK_2024_K362,艾兆禮,0.0
HK_2024_K363,布文,0.1111111111111111
HK_2024_K363,希威森,0.0
HK_2024_K363,莫雷拉,0.0
HK_2024_K363,麥文堅,0.0
HK_2024_K364,布文,0.0
HK_2024_K364,潘頓,0.0
HK_2024_K364,田泰安,0.15
HK_2024_K364,艾兆禮,0.0
HK_2024_K364,艾道拿,0.0
HK_2024_K364,蔡明紹,0.0
HK_2024_K364,鍾易禮,0.0
HK_2024_K365,巴度,0.0
HK_2024_K365,希威森,0.07142857142857142
HK_2024_K367,奧爾民,0.0
HK_2024_K367,布文,0.15
HK_2024_K367,布浩榮,0.0
HK_2024_K367,梁家俊,0.0
HK_2024_K367,金誠剛,0.0
HK_2024_K367,麥文堅,0.0
HK_2024_K367,麥道朗,0.0
HK_2024_K367,黃智弘,0.0
HK_2024_K368,,0.0
HK_2024_K368,湯普新,0.0
HK_2024_K368,田泰安,0.0
HK_2024_K368,紀仁安,0.0
HK_2024_K368,艾兆禮,0.15
HK_2024_K369,周俊樂,0.0
HK_2024_K369,巴度,0.0
HK_2024_K369,布文,0.15
HK_2024_K369,希威森,0.0
HK_2024_K369,艾兆禮,0.0
HK_2024_K369,霍宏聲,0.0
HK_2024_K370,何澤堯,0.0
HK_2024_K370,梁家俊,0.0
HK_2024_K370,班德禮,0.0
HK_2024_K370,田泰安,0.15
HK_2024_K370,麥文堅,0.0
HK_2024_K374,楊明綸,0.0
HK_2024_K374,湯普新,0.0
HK_2024_K374,班德禮,0.15
HK_2024_K374,金誠剛,0.0
HK_2024_K374,黃寶妮,0.0
HK_2024_K376,,0.0
HK_2024_K376,何澤堯,0.0
HK_2024_K376,莫雷拉,0.0
HK_2024_K377,,0.0
HK_2024_K377,周俊樂,0.09090909090909091
HK_2024_K377,巴度,0.0
HK_2024_K377,田泰安,0.0
HK_2024_K377,蔡明紹,0.0
HK_2024_K377,鍾易禮,0.0
HK_2024_K377,麥道朗,0.0
HK_2024_K379,何澤堯,0.15
HK_2024_K379,梁家俊,0.0
HK_2024_K379,金誠剛,0.0
HK_2024_K381,何澤堯,0.0
HK_2024_K381,周俊樂,0.0
HK_2024_K381,梁家俊,0.0
HK_2024_K381,湯普新,0.0
HK_2024_K381,董明朗,0.0
HK_2024_K381,霍宏聲,0.15
HK_2024_K382,奧爾民,0.0
HK_2024_K382,希威森,0.0
HK_2024_K382,楊明綸,0.0
HK_2024_K382,班德禮,0.15
HK_2024_K382,田泰安,0.0
HK_2024_K382,艾兆禮,0.0
HK_2024_K382,艾道拿,0.0
HK_2024_K382,金誠剛,0.0
HK_2024_K383,巫顯東,0.0
HK_2024_K383,楊明綸,0.0
HK_2024_K383,金誠剛,0.0
HK_2024_K385,,0.0
HK_2024_K385,巴度,0.0
HK_2024_K385,布文,0.15
HK_2024_K385,潘頓,0.15
HK_2024_K385,蔡明紹,0.0
HK_2024_K386,,0.0
HK_2024_K386,潘頓,0.0
HK_2024_K386,田泰安,0.0
HK_2024_K386,蔡明紹,0.0
HK_2024_K387,,0.0
HK_2024_K387,巴度,0.0
HK_2024_K387,杜苑欣,0.0
HK_2024_K387,楊明綸,0.0
HK_2024_K387,潘頓,0.0
HK_2024_K387,班德禮,0.0
HK_2024_K387,艾道拿,0.0
HK_2024_K387,霍宏聲,0.0
HK_2024_K387,麥道朗,0.0
HK_2024_K389,潘頓,0.0
HK_2024_K389,艾兆禮,0.0
HK_2024_K389,霍宏聲,0.0
HK_2024_K389,麥道朗,0.0
HK_2024_K390,奧爾民,0.0
HK_2024_K390,巫顯東,0.0
HK_2024_K390,蔡明紹,0.0
HK_2024_K390,金誠剛,0.0
HK_2024_K390,黃寶妮,0.0
HK_2024_K391,何澤堯,0.0
HK_2024_K391,周俊樂,0.0
HK_2024_K391,梁家俊,0.15
HK_2024_K391,蔡明紹,0.0
HK_2024_K392,奧爾民,0.15
HK_2024_K392,布浩榮,0.0
HK_2024_K392,霍宏聲,0.0
HK_2024_K392,黃智弘,0.0
HK_2024_K394,,0.0
HK_2024_K394,田泰安,0.0
HK_2024_K394,艾道拿,0.0
HK_2024_K394,董明朗,0.0
HK_2024_K395,杜苑欣,0.0
HK_2024_K395,楊明綸,0.15
HK_2024_K395,潘明輝,0.0
HK_2024_K395,潘頓,0.15
HK_2024_K395,霍宏聲,0.0
HK_2024_K396,周俊樂,0.0
HK_2024_K396,梁家俊,0.0
HK_2024_K396,蔡明紹,0.0
HK_2024_K397,周俊樂,0.0
HK_2024_K397,奧爾民,0.0
HK_2024_K397,巴度,0.0
HK_2024_K397,楊明綸,0.0
HK_2024_K397,潘明輝,0.0
HK_2024_K397,蔡明紹,0.0
HK_2024_K398,,0.0
HK_2024_K398,布文,0.15
HK_2024_K398,莫雷拉,0.15
HK_2024_K398,霍宏聲,0.0
HK_2024_K398,黃智弘,0.0
HK_2024_K399,楊明綸,0.0
HK_2024_K399,湯普新,0.0
HK_2024_K399,潘頓,0.0
HK_2024_K399,班德禮,0.0
HK_2024_K399,田泰安,0.0
HK_2024_K399,艾兆禮,0.0
HK_2024_K400,何澤堯,0.0
HK_2024_K400,潘頓,0.15
HK_2024_K400,紀仁安,0.0
HK_2024_K400,艾兆禮,0.0
HK_2024_K400,麥道朗,0.0
HK_2024_K400,黃智弘,0.15
HK_2024_K402,何澤堯,0.0
HK_2024_K402,周俊樂,0.0
HK_2024_K402,巴度,0.0
HK_2024_K402,布浩榮,0.0
HK_2024_K402,潘明輝,0.0
HK_2024_K402,田泰安,0.0
HK_2024_K402,艾兆禮,0.0
HK_2024_K402,黃智弘,0.0
HK_2024_K403,,0.0
HK_2024_K403,金誠剛,0.15
HK_2024_K403,黃智弘,0.0
HK_2024_K405,何澤堯,0.0
HK_2024_K405,奧爾民,0.0
HK_2024_K405,布文,0.0
HK_2024_K405,布浩榮,0.0
HK_2024_K405,潘明輝,0.0
HK_2024_K405,紀仁安,0.0
HK_2024_K405,艾兆禮,0.15
HK_2024_K405,黃寶妮,0.0
HK_2024_K406,,0.0
HK_2024_K406,希威森,0.15
HK_2024_K406,班德禮,0.09090909090909091
HK_2024_K407,潘明輝,0.0
HK_2024_K407,田泰安,0.0
HK_2024_K407,金誠剛,0.0
HK_2024_K407,麥文堅,0.0
HK_2024_K408,奧爾民,0.15
HK_2024_K408,希威森,0.1
HK_2024_K408,湯普新,0.0
HK_2024_K408,潘頓,0.0
HK_2024_K408,田泰安,0.0
HK_2024_K408,艾兆禮,0.0
HK_2024_K409,,0.0
HK_2024_K409,梁家俊,0.0
HK_2024_K409,潘明輝,0.0
HK_2024_K409,潘頓,0.0
HK_2024_K409,蔡明紹,0.0
HK_2024_K409,黃寶妮,0.0
HK_2024_K410,,0.0
HK_2024_K410,布文,0.0
HK_2024_K410,布浩榮,0.0
HK_2024_K410,潘頓,0.0
HK_2024_K410,麥道朗,0.0
HK_2024_K411,,0.0
HK_2024_K411,何澤堯,0.15
HK_2024_K411,杜苑欣,0.0
HK_2024_K411,班德禮,0.0
HK_2024_K411,莫雷拉,0.0
HK_2024_K411,黃智弘,0.0
HK_2024_K413,,0.0
HK_2024_K413,周俊樂,0.0
HK_2024_K413,布浩榮,0.0
HK_2024_K415,,0.0
HK_2024_K415,巫顯東,0.0
HK_2024_K415,梁家俊,0.0
HK_2024_K415,潘明輝,0.0
HK_2024_K415,班德禮,0.0
HK_2024_K415,田泰安,0.0
HK_2024_K415,紀仁安,0.0
HK_2024_K416,何澤堯,0.0
HK_2024_K416,巴度,0.0
HK_2024_K416,杜苑欣,0.0
HK_2024_K416,潘頓,0.0
HK_2024_K416,莫雷拉,0.15
HK_2024_K416,董明朗,0.0
HK_2024_K416,霍宏聲,0.0
HK_2024_K416,黃智弘,0.0
HK_2024_K417,,0.0
HK_2024_K417,何澤堯,0.0
HK_2024_K418,,0.0
HK_2024_K423,,0.0
HK_2024_K423,何澤堯,0.0
HK_2024_K423,梁家俊,0.0
HK_2024_K423,楊明綸,0.0
HK_2024_K423,田泰安,0.0
HK_2024_K423,艾兆禮,0.0
HK_2024_K426,,0.0
HK_2024_K426,艾道拿,0.0
HK_2024_K426,莫雷拉,0.0
HK_2024_K426,霍宏聲,0.0
HK_2024_K428,,0.0
HK_2024_K428,希威森,0.0
HK_2024_K428,楊明綸,0.0
HK_2024_K428,潘頓,0.0
HK_2024_K428,田泰安,0.0
HK_2024_K428,艾兆禮,0.0
HK_2024_K429,,0.0
HK_2024_K429,希威森,0.15
HK_2024_K429,潘明輝,0.0
HK_2024_K429,班德禮,0.0
HK_2024_K429,莫雅,0.0
HK_2024_K429,麥道朗,0.0
HK_2024_K431,希威森,0.0
HK_2024_K431,梁家俊,0.0
HK_2024_K431,金誠剛,0.08333333333333333
HK_2024_K431,黃智弘,0.0
HK_2024_K434,,0.0
HK_2024_K434,奧爾民,0.0
HK_2024_K434,布文,0.0
HK_2024_K434,湯普新,0.0
HK_2024_K434,田泰安,0.0
HK_2024_K434,艾兆禮,0.15
HK_2024_K434,艾道拿,0.0
HK_2024_K435,,0.0
HK_2024_K435,楊明綸,0.0
HK_2024_K435,蔡明紹,0.0
HK_2024_K435,金誠剛,0.0
HK_2024_K435,黃智弘,0.0
HK_2024_K436,潘明輝,0.0
HK_2024_K436,潘頓,0.15
HK_2024_K436,蔡明紹,0.0
HK_2024_K436,鍾易禮,0.0
HK_2024_K438,周俊樂,0.0
HK_2024_K438,布文,0.0
HK_2024_K438,布浩榮,0.0
HK_2024_K438,潘頓,0.15
HK_2024_K438,韋紀力,0.0
HK_2024_K438,麥道朗,0.15
HK_2024_K441,,0.0
HK_2024_K441,nan,0.0
HK_2024_K441,班德禮,0.0
HK_2024_K441,鍾易禮,0.0
HK_2024_K443,湯普新,0.0
HK_2024_K443,潘明輝,0.0
HK_2024_K443,班德禮,0.0
HK_2024_K443,艾兆禮,0.0
HK_2024_K444,奧爾民,0.0
HK_2024_K444,巴米高,0.0
HK_2024_K444,布文,0.0
HK_2024_K444,希威森,0.0
HK_2024_K444,潘頓,0.0
HK_2024_K444,田泰安,0.15
HK_2024_K445,,0.0
HK_2024_K445,田泰安,0.0
HK_2024_K447,,0.0
HK_2024_K447,梁家俊,0.0
HK_2024_K451,,0.0
HK_2024_K451,希威森,0.0
HK_2024_K451,潘頓,0.15
HK_2024_K451,霍宏聲,0.0
HK_2024_K453,,0.0
HK_2024_K453,周俊樂,0.0
HK_2024_K453,霍宏聲,0.15
HK_2024_K456,nan,0.0
HK_2024_K456,奧爾民,0.0
HK_2024_K456,布文,0.0
HK_2024_K456,潘明輝,0.0
HK_2024_K456,田泰安,0.0
HK_2024_K456,艾道拿,0.0
HK_2024_K456,麥文堅,0.0
HK_2024_K457,何澤堯,0.0
HK_2024_K457,周俊樂,0.0
HK_2024_K457,巫顯東,0.0
HK_2024_K457,班德禮,0.0
HK_2024_K457,金誠剛,0.0
HK_2024_K458,,0.0
HK_2024_K458,周俊樂,0.0
HK_2024_K458,梁家俊,0.15
HK_2024_K460,nan,0.0
HK_2024_K460,何澤堯,0.0
HK_2024_K460,周俊樂,0.0
HK_2024_K460,布浩榮,0.0
HK_2024_K462,,0.0
HK_2024_K462,周俊樂,0.0
HK_2024_K462,艾兆禮,0.0
HK_2024_K462,霍宏聲,0.0
HK_2024_K463,,0.0
HK_2024_K464,布文,0.0
HK_2024_K464,田泰安,0.0
HK_2024_K464,金誠剛,0.0
HK_2024_K464,霍宏聲,0.0
HK_2024_K464,黃智弘,0.0
HK_2024_K467,,0.0
HK_2024_K467,奧爾民,0.0
HK_2024_K467,布浩榮,0.0
HK_2024_K468,奧爾民,0.0
HK_2024_K468,巴度,0.0
HK_2024_K468,希威森,0.0
HK_2024_K468,潘明輝,0.0
HK_2024_K468,艾兆禮,0.0
HK_2024_K468,袁幸堯,0.0
HK_2024_K468,金誠剛,0.15
HK_2024_K469,周俊樂,0.0
HK_2024_K469,田泰安,0.0
HK_2024_K469,艾兆禮,0.15
HK_2024_K469,莫雷拉,0.15
HK_2024_K469,袁幸堯,0.0
HK_2024_K469,霍宏聲,0.0
HK_2024_K469,黃智弘,0.0
HK_2024_K473,,0.0
HK_2024_K473,潘大衛,0.0
HK_2024_K473,艾兆禮,0.0
HK_2024_K473,金誠剛,0.0
HK_2024_K473,鍾易禮,0.0
HK_2024_K474,,0.0
HK_2024_K474,周俊樂,0.0
HK_2024_K474,潘頓,0.15
HK_2024_K474,田泰安,0.15
HK_2024_K475,何澤堯,0.0
HK_2024_K475,布浩榮,0.0
HK_2024_K475,紀仁安,0.0
HK_2024_K475,艾道拿,0.0
HK_2024_K475,鍾易禮,0.0
HK_2024_K476,,0.0
HK_2024_K476,何澤堯,0.0
HK_2024_K476,希威森,0.0
HK_2024_K476,楊明綸,0.0
HK_2024_K476,金誠剛,0.0
HK_2024_K476,鍾易禮,0.0
HK_2024_K477,周俊樂,0.0
HK_2024_K477,巴度,0.0
HK_2024_K477,杜苑欣,0.0
HK_2024_K477,梁家俊,0.0
HK_2024_K477,班德禮,0.0
HK_2024_K477,田泰安,0.0
HK_2024_K477,艾道拿,0.0
HK_2024_K477,鍾易禮,0.0
HK_2024_K478,周俊樂,0.0
HK_2024_K478,班德禮,0.15
HK_2024_K479,周俊樂,0.0
HK_2024_K479,奧爾民,0.0
HK_2024_K479,巴度,0.0
HK_2024_K479,布文,0.0
HK_2024_K479,布浩榮,0.0
HK_2024_K479,杜苑欣,0.0
HK_2024_K479,潘頓,0.0
HK_2024_K479,董明朗,0.0
HK_2024_K479,蔡明紹,0.0
HK_2024_K479,黃寶妮,0.0
HK_2024_K480,,0.0
HK_2024_K480,巴度,0.15
HK_2024_K480,艾兆禮,0.0
HK_2024_K480,艾道拿,0.14285714285714285
HK_2024_K480,麥文堅,0.0
HK_2024_K481,,0.0
HK_2024_K481,周俊樂,0.0
HK_2024_K481,巴度,0.15
HK_2024_K481,梁家俊,0.0
HK_2024_K481,潘明輝,0.0
HK_2024_K481,田泰安,0.0
HK_2024_K481,蔡明紹,0.0
HK_2024_K484,,0.0
HK_2024_K484,周俊樂,0.15
HK_2024_K484,布浩榮,0.0
HK_2024_K484,楊明綸,0.0
HK_2024_K484,霍宏聲,0.0
HK_2024_K485,潘頓,0.15
HK_2024_K485,艾兆禮,0.0
HK_2024_K485,鍾易禮,0.0
HK_2024_K487,,0.0
HK_2024_K487,何澤堯,0.0
HK_2024_K487,布文,0.0
HK_2024_K487,班德禮,0.15
HK_2024_K487,田泰安,0.0
HK_2024_K488,,0.0
HK_2024_K488,田泰安,0.0
HK_2024_K489,布浩榮,0.0
HK_2024_K489,潘頓,0.0
HK_2024_K489,田泰安,0.0
HK_2024_K489,艾兆禮,0.15
HK_2024_K489,艾道拿,0.0
HK_2024_K489,麥道朗,0.15
HK_2024_K490,布文,0.0
HK_2024_K490,布浩榮,0.0
HK_2024_K490,希威森,0.0
HK_2024_K490,楊明綸,0.0
HK_2024_K490,潘大衛,0.0
HK_2024_K490,艾道拿,0.0
HK_2024_K490,黃寶妮,0.0
HK_2024_K491,,0.0
HK_2024_K491,潘頓,0.15
HK_2024_K491,艾兆禮,0.0
HK_2024_K491,艾道拿,0.0
HK_2024_K491,鍾易禮,0.0
HK_2024_K491,麥道朗,0.0
HK_2024_K494,,0.0
HK_2024_K494,奧爾民,0.15
HK_2024_K494,梁家俊,0.0
HK_2024_K494,湯普新,0.0
HK_2024_K494,潘明輝,0.0
HK_2024_K494,艾兆禮,0.0
HK_2024_K498,,0.0
HK_2024_K498,布文,0.15
HK_2024_K498,杜苑欣,0.0
HK_2024_K498,蔡明紹,0.0
HK_2024_K498,麥文堅,0.0
HK_2024_K499,,0.0
HK_2024_K499,奧爾民,0.0
HK_2024_K500,奧爾民,0.0
HK_2024_K500,巴度,0.0
HK_2024_K500,布文,0.0
HK_2024_K500,梁家俊,0.0
HK_2024_K500,潘大衛,0.0
HK_2024_K500,田泰安,0.0
HK_2024_K500,艾兆禮,0.0
HK_2024_K502,艾兆禮,0.0
HK_2024_K502,袁幸堯,0.0
HK_2024_K502,鍾易禮,0.0
HK_2024_K503,,0.0
HK_2024_K503,周俊樂,0.0
HK_2024_K503,巴度,0.0
HK_2024_K503,潘明輝,0.0
HK_2024_K506,,0.0
HK_2024_K506,田泰安,0.0
HK_2024_K507,奧爾民,0.0
HK_2024_K507,布文,0.0
HK_2024_K507,潘頓,0.15
HK_2024_K507,田泰安,0.0
HK_2024_K507,莫雷拉,0.0
HK_2024_K507,麥道朗,0.0
HK_2024_K507,黃寶妮,0.15
HK_2024_K511,,0.0
HK_2024_K511,希威森,0.0
HK_2024_K511,潘頓,0.15
HK_2024_K511,紀仁安,0.0
HK_2024_K511,袁幸堯,0.0
HK_2024_K511,霍宏聲,0.0
HK_2024_K512,,0.0
HK_2024_K512,巫顯東,0.0
HK_2024_K512,楊明綸,0.0
HK_2024_K512,鍾易禮,0.0
HK_2024_K514,,0.0
HK_2024_K514,周俊樂,0.15
HK_2024_K514,巴度,0.0
HK_2024_K516,奧爾民,0.0
HK_2024_K516,潘明輝,0.0
HK_2024_K516,艾兆禮,0.0
HK_2024_K516,麥道朗,0.0
HK_2024_K517,,0.0
HK_2024_K517,布浩榮,0.0
HK_2024_K517,潘明輝,0.0
HK_2024_K517,金誠剛,0.0
HK_2024_K519,,0.0
HK_2024_K519,周俊樂,0.0
HK_2024_K519,潘明輝,0.0
HK_2024_K519,班德禮,0.0
HK_2024_K519,鍾易禮,0.0
HK_2024_K522,,0.0
HK_2024_K522,艾道拿,0.0
HK_2024_K522,金誠剛,0.0
HK_2024_K523,奧爾民,0.0
HK_2024_K523,巴度,0.0
HK_2024_K523,蔡明紹,0.0
HK_2024_K523,金誠剛,0.0
HK_2024_K524,,0.0
HK_2024_K524,楊明綸,0.0
HK_2024_K524,潘明輝,0.0
HK_2024_K526,周俊樂,0.0
HK_2024_K526,奧爾民,0.0
HK_2024_K526,蔡明紹,0.0
HK_2024_K527,,0.0
HK_2024_K527,周俊樂,0.0
HK_2024_K527,巴度,0.0
HK_2024_K529,何澤堯,0.15
HK_2024_K529,布文,0.0
HK_2024_K529,莫雷拉,0.15
HK_2024_K532,周俊樂,0.0
HK_2024_K532,巴度,0.0
HK_2024_K532,梁家俊,0.0
HK_2024_K532,田泰安,0.0
HK_2024_K532,鍾易禮,0.0
HK_2024_K532,黃寶妮,0.0
HK_2024_K533,楊明綸,0.15
HK_2024_K533,田泰安,0.0
HK_2024_K534,,0.0
HK_2024_K534,周俊樂,0.0
HK_2024_K534,巫顯東,0.0
HK_2024_K534,梁家俊,0.15
HK_2024_K534,蔡明紹,0.0
HK_2024_K534,鍾易禮,0.0
HK_2024_K534,黃寶妮,0.0
HK_2024_K536,,0.0
HK_2024_K536,奧爾民,0.0
HK_2024_K536,希威森,0.0
HK_2024_K536,梁家俊,0.0
HK_2024_K536,袁幸堯,0.0
HK_2024_K536,霍宏聲,0.0
HK_2024_K540,,0.0
HK_2024_K540,周俊樂,0.0
HK_2024_K540,巴度,0.0
HK_2024_K540,布文,0.0
HK_2024_K540,希威森,0.0
HK_2024_K542,,0.0
HK_2024_K542,潘頓,0.15
HK_2024_K542,田泰安,0.0
HK_2024_K542,袁幸堯,0.0
HK_2024_K544,梁家俊,0.0
HK_2024_K544,田泰安,0.0
HK_2024_K544,蔡明紹,0.0
HK_2024_K545,,0.0
HK_2024_K545,奧爾民,0.15
HK_2024_K545,潘頓,0.0
HK_2024_K546,,0.0
HK_2024_K546,艾兆禮,0.0
HK_2024_K547,何澤堯,0.15
HK_2024_K547,周俊樂,0.0
HK_2024_K547,潘頓,0.0
HK_2024_K547,麥文堅,0.0
HK_2024_K550,蔡明紹,0.0
HK_2024_K550,金誠剛,0.14285714285714285
HK_2024_K552,周俊樂,0.0
HK_2024_K552,梁家俊,0.14285714285714285
HK_2024_K552,班德禮,0.0
HK_2024_K552,袁幸堯,0.0
HK_2024_K553,希威森,0.15
HK_2024_K553,潘頓,0.15
HK_2024_K553,蔡明紹,0.0
HK_2024_K553,麥文堅,0.0
HK_2024_K553,黃智弘,0.0
HK_2024_K554,何澤堯,0.15
HK_2024_K556,,0.0
HK_2024_K556,蔡明紹,0.0
HK_2024_K556,鍾易禮,0.0
HK_2024_K559,,0.0
HK_2024_K559,周俊樂,0.0
HK_2024_K559,布文,0.0
HK_2024_K559,潘頓,0.15
HK_2024_K559,黃寶妮,0.0
HK_2024_K562,布文,0.0
HK_2024_K562,艾兆禮,0.15
HK_2024_K562,艾道拿,0.0
HK_2024_K562,麥文堅,0.15
HK_2024_K564,,0.0
HK_2024_K564,潘頓,0.15
HK_2024_K564,艾兆禮,0.0
HK_2024_K564,霍宏聲,0.0
HK_2024_K565,,0.0
HK_2024_K565,奧爾民,0.0
HK_2024_K565,田泰安,0.0
HK_2024_K565,蔡明紹,0.0
HK_2024_K566,潘頓,0.15
HK_2024_K566,田泰安,0.0
HK_2024_K566,艾兆禮,0.125
HK_2024_K569,布浩榮,0.0
HK_2024_K569,金誠剛,0.0
HK_2024_K569,鍾易禮,0.0
HK_2024_K569,黃智弘,0.0
HK_2024_K570,周俊樂,0.0
HK_2024_K570,潘明輝,0.0
HK_2024_K570,潘頓,0.15
HK_2024_K570,艾兆禮,0.0
HK_2024_K570,霍宏聲,0.0
HK_2024_K570,黃智弘,0.0
HK_2024_K571,,0.0
HK_2024_K571,奧爾民,0.0
HK_2024_K571,布浩榮,0.0
HK_2024_K571,楊明綸,0.15
HK_2024_K572,,0.0
HK_2024_K572,艾兆禮,0.0
HK_2024_K574,,0.0
HK_2024_K574,梁家俊,0.15
HK_2024_K575,,0.0
HK_2024_K575,田泰安,0.0
HK_2024_K575,金誠剛,0.0
HK_2024_K577,奧爾民,0.0
HK_2024_K577,蔡明紹,0.0
HK_2024_K577,鍾易禮,0.0
HK_2024_K577,黃智弘,0.0
HK_2024_K579,周俊樂,0.0
HK_2024_K579,梁家俊,0.0
HK_2024_K579,楊明綸,0.0
HK_2024_K579,黃寶妮,0.0
HK_2024_K580,周俊樂,0.15
HK_2024_K580,希威森,0.0
HK_2024_K580,艾兆禮,0.0
HK_2024_K580,艾道拿,0.0
HK_2024_K580,霍宏聲,0.0
HK_2024_K580,麥文堅,0.0
HK_2024_K582,艾兆禮,0.14285714285714285
HK_2024_K582,麥文堅,0.15
HK_2024_K583,,0.0
HK_2024_K583,何澤堯,0.15
HK_2024_K583,班德禮,0.0
HK_2024_K585,潘明輝,0.15
HK_2024_K586,何澤堯,0.15
HK_2024_K586,奧爾民,0.0
HK_2025_L001,,0.0
HK_2025_L001,潘明輝,0.0
HK_2025_L003,,0.0
HK_2025_L003,布文,0.15
HK_2025_L003,田泰安,0.0
HK_2025_L003,艾道拿,0.15
HK_2025_L003,麥文堅,0.15
HK_2025_L004,,0.0
HK_2025_L004,潘明輝,0.0
HK_2025_L004,班德禮,0.15
HK_2025_L005,梁家俊,0.0
HK_2025_L005,潘頓,0.0
HK_2025_L005,田泰安,0.0
HK_2025_L005,艾道拿,0.0
HK_2025_L005,金誠剛,0.0
HK_2025_L007,潘明輝,0.0
HK_2025_L007,潘頓,0.0
HK_2025_L007,艾兆禮,0.0
HK_2025_L007,艾道拿,0.0
HK_2025_L008,梁家俊,0.0
HK_2025_L008,楊明綸,0.0
HK_2025_L008,金誠剛,0.0
HK_2025_L009,,0.0
HK_2025_L009,奧爾民,0.0
HK_2025_L009,巫顯東,0.0
HK_2025_L009,楊明綸,0.0
HK_2025_L009,蔡明紹,0.0
HK_2025_L009,金誠剛,0.0
HK_2025_L012,,0.0
HK_2025_L012,巴度,0.0
HK_2025_L012,巴米高,0.0
HK_2025_L012,希威森,0.0
HK_2025_L012,莫雷拉,0.0
HK_2025_L013,,0.0
HK_2025_L013,潘頓,0.15
HK_2025_L013,蔡明紹,0.0
HK_2025_L013,袁幸堯,0.15
HK_2025_L013,金誠剛,0.0
HK_2025_L014,,0.0
HK_2025_L014,奧爾民,0.15
HK_2025_L014,潘頓,0.15
HK_2025_L016,,0.0
HK_2025_L016,潘明輝,0.0
HK_2025_L016,潘頓,0.15
HK_2025_L016,艾兆禮,0.0
HK_2025_L016,莫雅,0.0
HK_2025_L019,何澤堯,0.15
HK_2025_L019,莫雷拉,0.0
HK_2025_L019,黃智弘,0.15
HK_2025_L020,,0.0
HK_2025_L020,梁家俊,0.0
HK_2025_L020,潘明輝,0.15
HK_2025_L020,艾兆禮,0.0
HK_2025_L021,,0.0
HK_2025_L021,奧爾民,0.0
HK_2025_L021,莫艾誠,0.0
HK_2025_L022,,0.0
HK_2025_L022,潘頓,0.15
HK_2025_L022,艾道拿,0.0
HK_2025_L023,,0.0
HK_2025_L023,班德禮,0.15
HK_2025_L024,布文,0.15
HK_2025_L024,希威森,0.0
HK_2025_L024,潘頓,0.0
HK_2025_L024,班德禮,0.0
HK_2025_L024,董明朗,0.0
HK_2025_L026,梁家俊,0.0
HK_2025_L026,黃寶妮,0.0
HK_2025_L027,,0.0
HK_2025_L027,巴度,0.0
HK_2025_L027,鍾易禮,0.0
HK_2025_L028,,0.0
HK_2025_L028,周俊樂,0.0
HK_2025_L028,布文,0.0
HK_2025_L028,麥文堅,0.0
HK_2025_L028,麥道朗,0.15
HK_2025_L029,楊明綸,0.0
HK_2025_L029,班德禮,0.0
HK_2025_L030,,0.0
HK_2025_L030,巴度,0.0
HK_2025_L030,布文,0.0
HK_2025_L030,潘頓,0.0
HK_2025_L030,紀仁安,0.0
HK_2025_L030,艾兆禮,0.0
HK_2025_L031,周俊樂,0.15
HK_2025_L031,布浩榮,0.0
HK_2025_L031,艾兆禮,0.0
HK_2025_L031,蔡明紹,0.0
HK_2025_L031,金誠剛,0.0
HK_2025_L031,鍾易禮,0.0
HK_2025_L032,,0.0
HK_2025_L032,希威森,0.0
HK_2025_L032,潘頓,0.15
HK_2025_L032,金誠剛,0.0
HK_2025_L032,鍾易禮,0.0
HK_2025_L032,霍宏聲,0.0
HK_2025_L033,,0.0
HK_2025_L033,奧爾民,0.0
HK_2025_L033,潘頓,0.15
HK_2025_L033,艾兆禮,0.0
HK_2025_L034,奧爾民,0.0
HK_2025_L034,希威森,0.0
HK_2025_L034,梁家俊,0.0
HK_2025_L034,田泰安,0.0
HK_2025_L034,艾道拿,0.0
HK_2025_L034,金誠剛,0.0
HK_2025_L034,黃智弘,0.0
HK_2025_L035,田泰安,0.0
HK_2025_L035,艾兆禮,0.0
HK_2025_L035,艾道拿,0.0
HK_2025_L035,霍宏聲,0.0
HK_2025_L035,韋紀力,0.0
HK_2025_L036,,0.0
HK_2025_L036,巴度,0.0
HK_2025_L036,布文,0.0
HK_2025_L037,,0.0
HK_2025_L037,奧爾民,0.0
HK_2025_L037,梁家俊,0.15
HK_2025_L037,潘明輝,0.0
HK_2025_L037,艾兆禮,0.15
HK_2025_L039,布浩榮,0.15
HK_2025_L039,梁家俊,0.0
HK_2025_L039,潘明輝,0.0
HK_2025_L039,潘頓,0.0
HK_2025_L040,,0.0
HK_2025_L040,潘頓,0.15
HK_2025_L041,巴度,0.0
HK_2025_L041,梁家俊,0.0
HK_2025_L041,田泰安,0.0
HK_2025_L043,周俊樂,0.0
HK_2025_L043,奧爾民,0.0
HK_2025_L043,班德禮,0.0
HK_2025_L043,艾兆禮,0.0
HK_2025_L043,艾道拿,0.0
HK_2025_L043,鍾易禮,0.0
HK_2025_L044,巴度,0.0
HK_2025_L044,潘頓,0.0
HK_2025_L044,艾道拿,0.125
HK_2025_L044,霍宏聲,0.0
HK_2025_L045,何澤堯,0.0
HK_2025_L045,奧爾民,0.0
HK_2025_L045,布浩榮,0.0
HK_2025_L045,潘頓,0.0
HK_2025_L045,田泰安,0.0
HK_2025_L045,鍾易禮,0.0
HK_2025_L046,周俊樂,0.0
HK_2025_L046,楊明綸,0.0
HK_2025_L046,蔡明紹,0.0
HK_2025_L046,金誠剛,0.0
HK_2025_L047,巴度,0.0
HK_2025_L047,班德禮,0.0
HK_2025_L047,艾道拿,0.0
HK_2025_L048,,0.0
HK_2025_L048,巴度,0.0
HK_2025_L048,鍾易禮,0.0
HK_2025_L049,,0.0
HK_2025_L049,何澤堯,0.0
HK_2025_L050,潘頓,0.0
HK_2025_L050,霍宏聲,0.0
HK_2025_L051,周俊樂,0.0
HK_2025_L051,希威森,0.0
HK_2025_L052,何澤堯,0.14285714285714285
HK_2025_L052,莫雷拉,0.15
HK_2025_L052,黃智弘,0.0
HK_2025_L053,奧爾民,0.0
HK_2025_L053,巫顯東,0.0
HK_2025_L053,班德禮,0.0
HK_2025_L053,田泰安,0.0
HK_2025_L053,紀仁安,0.0
HK_2025_L053,蔡明紹,0.0
HK_2025_L054,奧爾民,0.0
HK_2025_L054,杜苑欣,0.0
HK_2025_L054,田泰安,0.0
HK_2025_L054,紀仁安,0.0
HK_2025_L054,艾道拿,0.0
HK_2025_L054,金誠剛,0.0
HK_2025_L056,,0.0
HK_2025_L056,布浩榮,0.0
HK_2025_L056,莫雷拉,0.0
HK_2025_L057,何澤堯,0.15
HK_2025_L057,巴度,0.0
HK_2025_L057,布浩榮,0.0
HK_2025_L057,梁家俊,0.0
HK_2025_L057,楊明綸,0.0
HK_2025_L057,班德禮,0.0
HK_2025_L059,希威森,0.0
HK_2025_L059,蔡明紹,0.0
HK_2025_L060,,0.0
HK_2025_L060,周俊樂,0.0
HK_2025_L060,金誠剛,0.0
HK_2025_L060,黃智弘,0.0
HK_2025_L061,,0.0
HK_2025_L061,潘大衛,0.0
HK_2025_L061,莫雷拉,0.0
HK_2025_L062,布文,0.0
HK_2025_L062,楊明綸,0.0
HK_2025_L062,艾道拿,0.0
HK_2025_L062,霍宏聲,0.0
HK_2025_L063,巫顯東,0.0
HK_2025_L064,,0.0
HK_2025_L064,巫顯東,0.0
HK_2025_L065,田泰安,0.15
HK_2025_L065,紀仁安,0.0
HK_2025_L065,艾兆禮,0.0
HK_2025_L065,蔡明紹,0.0
HK_2025_L066,希威森,0.0
HK_2025_L066,田泰安,0.0
HK_2025_L066,艾道拿,0.0
HK_2025_L066,金誠剛,0.0
HK_2025_L067,楊明綸,0.0
HK_2025_L067,鍾易禮,0.0
HK_2025_L068,,0.0
HK_2025_L068,潘頓,0.15
HK_2025_L068,班德禮,0.0
HK_2025_L068,艾道拿,0.0
HK_2025_L069,,0.0
HK_2025_L069,周俊樂,0.0
HK_2025_L069,希威森,0.0
HK_2025_L069,潘頓,0.0
HK_2025_L070,,0.0
HK_2025_L070,奧爾民,0.0
HK_2025_L072,布文,0.0
HK_2025_L072,布浩榮,0.0
HK_2025_L072,希威森,0.0
HK_2025_L072,艾道拿,0.0
HK_2025_L072,金誠剛,0.0
HK_2025_L073,,0.0
HK_2025_L073,奧爾民,0.0
HK_2025_L073,楊明綸,0.0
HK_2025_L073,艾兆禮,0.0
HK_2025_L073,黃智弘,0.0
HK_2025_L074,奧爾民,0.0
HK_2025_L074,楊明綸,0.0
HK_2025_L074,潘明輝,0.0
HK_2025_L074,班德禮,0.0
HK_2025_L074,田泰安,0.0
HK_2025_L074,金誠剛,0.15
HK_2025_L074,霍宏聲,0.0
HK_2025_L075,周俊樂,0.0
HK_2025_L075,布文,0.0
HK_2025_L075,布浩榮,0.0
HK_2025_L075,杜苑欣,0.0
HK_2025_L075,紀仁安,0.15
HK_2025_L075,蔡明紹,0.0
HK_2025_L075,袁幸堯,0.0
HK_2025_L076,周俊樂,0.0
HK_2025_L076,蔡明紹,0.0
HK_2025_L077,鍾易禮,0.0
HK_2025_L078,,0.0
HK_2025_L078,奧爾民,0.0
HK_2025_L078,潘明輝,0.0
HK_2025_L078,田泰安,0.0
HK_2025_L078,金誠剛,0.0
HK_2025_L079,巴度,0.0
HK_2025_L079,梁家俊,0.0
HK_2025_L079,蔡明紹,0.0
HK_2025_L080,,0.0
HK_2025_L080,梁家俊,0.15
HK_2025_L081,,0.0
HK_2025_L081,何澤堯,0.0
HK_2025_L082,,0.0
HK_2025_L082,蔡明紹,0.0
HK_2025_L082,霍宏聲,0.0
HK_2025_L082,麥道朗,0.0
HK_2025_L083,田泰安,0.0
HK_2025_L083,艾兆禮,0.15
HK_2025_L083,袁幸堯,0.0
HK_2025_L083,黃寶妮,0.0
HK_2025_L085,,0.0
HK_2025_L085,巴度,0.0
HK_2025_L085,梁家俊,0.0
HK_2025_L085,艾道拿,0.0
HK_2025_L085,鍾易禮,0.0
HK_2025_L086,,0.0
HK_2025_L086,梁家俊,0.0
HK_2025_L086,蔡明紹,0.0
HK_2025_L087,潘頓,0.0
HK_2025_L087,艾兆禮,0.0
HK_2025_L087,鍾易禮,0.0
HK_2025_L087,霍宏聲,0.0
HK_2025_L090,,0.0
HK_2025_L090,巫顯東,0.0
HK_2025_L091,,0.0
HK_2025_L091,紀仁安,0.0
HK_2025_L091,莫雷拉,0.0
HK_2025_L091,黃智弘,0.0
HK_2025_L093,何澤堯,0.0
HK_2025_L093,巴度,0.0
HK_2025_L093,布浩榮,0.0
HK_2025_L093,艾道拿,0.0
HK_2025_L093,莫雷拉,0.0
HK_2025_L093,霍宏聲,0.0
HK_2025_L093,黃智弘,0.0
HK_2025_L094,,0.0
HK_2025_L094,巴度,0.0
HK_2025_L094,艾道拿,0.0
HK_2025_L094,蔡明紹,0.0
HK_2025_L094,鍾易禮,0.15
HK_2025_L096,布文,0.15
HK_2025_L096,希威森,0.0
HK_2025_L096,梁家俊,0.0
HK_2025_L096,田泰安,0.0
HK_2025_L096,艾兆禮,0.15
HK_2025_L096,黃寶妮,0.0
HK_2025_L097,何澤堯,0.0
HK_2025_L097,田泰安,0.0
HK_2025_L097,艾兆禮,0.0
HK_2025_L097,蔡明紹,0.0
HK_2025_L097,鍾易禮,0.0
HK_2025_L097,霍宏聲,0.15
HK_2025_L097,黃智弘,0.0
HK_2025_L098,何澤堯,0.0
HK_2025_L098,周俊樂,0.0
HK_2025_L098,潘頓,0.15
HK_2025_L098,黃寶妮,0.0
HK_2025_L099,何澤堯,0.0
HK_2025_L099,潘頓,0.15
HK_2025_L099,麥道朗,0.15
HK_2025_L100,何澤堯,0.0
HK_2025_L100,梁家俊,0.0
HK_2025_L100,黃寶妮,0.0
HK_2025_L101,巫顯東,0.0
HK_2025_L101,蔡明紹,0.0
HK_2025_L101,金誠剛,0.0
HK_2025_L102,鍾易禮,0.15
HK_2025_L104,何澤堯,0.0
HK_2025_L104,周俊樂,0.0
HK_2025_L104,梁家俊,0.0
HK_2025_L105,田泰安,0.15
HK_2025_L106,,0.0
HK_2025_L106,周俊樂,0.0
HK_2025_L106,布文,0.15
HK_2025_L106,田泰安,0.0
HK_2025_L106,韋紀力,0.15
HK_2025_L106,黃寶妮,0.0
HK_2025_L107,,0.0
HK_2025_L107,巴度,0.0
HK_2025_L107,艾兆禮,0.15
HK_2025_L107,麥文堅,0.0
HK_2025_L108,布文,0.0
HK_2025_L108,潘頓,0.0
HK_2025_L108,班德禮,0.0
HK_2025_L108,艾兆禮,0.0
HK_2025_L108,麥文堅,0.0
HK_2025_L108,麥道朗,0.0
HK_2025_L109,,0.0
HK_2025_L109,周俊樂,0.0
HK_2025_L109,布文,0.0
HK_2025_L109,潘頓,0.0
HK_2025_L109,艾道拿,0.0
HK_2025_L109,莫雷拉,0.0
HK_2025_L109,鍾易禮,0.0
HK_2025_L109,霍宏聲,0.0
HK_2025_L109,麥文堅,0.0
HK_2025_L110,何澤堯,0.15
HK_2025_L110,周俊樂,0.0
HK_2025_L110,布浩榮,0.0
HK_2025_L110,潘頓,0.0
HK_2025_L110,田泰安,0.0
HK_2025_L111,,0.0
HK_2025_L111,金誠剛,0.0
HK_2025_L112,希威森,0.0
HK_2025_L112,楊明綸,0.0
HK_2025_L112,潘頓,0.15
HK_2025_L112,艾兆禮,0.0
HK_2025_L112,鍾易禮,0.0
HK_2025_L113,,0.0
HK_2025_L115,巫顯東,0.0
HK_2025_L115,布文,0.0
HK_2025_L115,鍾易禮,0.0
HK_2025_L115,黃智弘,0.0
HK_2025_L116,周俊樂,0.0
HK_2025_L116,梁家俊,0.0
HK_2025_L116,潘明輝,0.0
HK_2025_L116,蔡明紹,0.0
HK_2025_L117,,0.0
HK_2025_L117,巴度,0.0
HK_2025_L117,潘頓,0.0
HK_2025_L117,田泰安,0.15
HK_2025_L117,莫雷拉,0.0
HK_2025_L117,袁幸堯,0.15
HK_2025_L117,黃智弘,0.0
HK_2025_L118,布文,0.0
HK_2025_L118,楊明綸,0.0
HK_2025_L118,潘頓,0.0
HK_2025_L118,班德禮,0.0
HK_2025_L118,艾道拿,0.0
HK_2025_L118,鍾易禮,0.0
HK_2025_L118,黃智弘,0.0
HK_2025_L119,何澤堯,0.0
HK_2025_L119,周俊樂,0.0
HK_2025_L119,巴度,0.0
HK_2025_L119,梁家俊,0.0
HK_2025_L119,楊明綸,0.0
HK_2025_L119,黃寶妮,0.0
HK_2025_L120,何澤堯,0.0
HK_2025_L120,布文,0.0
HK_2025_L120,班德禮,0.0
HK_2025_L120,金誠剛,0.0
HK_2025_L121,何澤堯,0.14285714285714285
HK_2025_L121,希威森,0.0
HK_2025_L121,紀仁安,0.0
HK_2025_L122,,0.0
HK_2025_L122,田泰安,0.0
HK_2025_L124,蔡明紹,0.0
HK_2025_L124,鍾易禮,0.0
HK_2025_L124,黃寶妮,0.0
HK_2025_L124,黃智弘,0.0
HK_2025_L125,潘明輝,0.0
HK_2025_L125,艾兆禮,0.0
HK_2025_L125,霍宏聲,0.0
HK_2025_L126,,0.0
HK_2025_L126,潘頓,0.15
HK_2025_L126,艾兆禮,0.15
HK_2025_L128,,0.0
HK_2025_L128,何澤堯,0.0
HK_2025_L129,巴度,0.0
HK_2025_L129,潘頓,0.0
HK_2025_L129,鍾易禮,0.0
HK_2025_L132,奧爾民,0.0
HK_2025_L132,布文,0.0
HK_2025_L133,奧爾民,0.0
HK_2025_L133,巴度,0.0
HK_2025_L133,布文,0.0
HK_2025_L133,希威森,0.0
HK_2025_L133,潘頓,0.0
HK_2025_L133,艾兆禮,0.0
HK_2025_L133,薛凱華,0.0
HK_2025_L134,何澤堯,0.0
HK_2025_L134,周俊樂,0.0
HK_2025_L134,奧爾民,0.0
HK_2025_L134,班德禮,0.0
HK_2025_L134,黃智弘,0.0
HK_2025_L135,,0.0
HK_2025_L135,巴度,0.0
HK_2025_L135,鍾易禮,0.0
HK_2025_L136,周俊樂,0.0
HK_2025_L136,布浩榮,0.0
HK_2025_L136,希威森,0.0
HK_2025_L136,蔡明紹,0.0
HK_2025_L137,,0.0
HK_2025_L137,艾兆禮,0.15
HK_2025_L138,布文,0.0
HK_2025_L138,布浩榮,0.0
HK_2025_L138,希威森,0.0
HK_2025_L138,潘明輝,0.0
HK_2025_L138,潘頓,0.0
HK_2025_L138,金誠剛,0.0
HK_2025_L141,何澤堯,0.0
HK_2025_L141,楊明綸,0.0
HK_2025_L142,潘頓,0.15
HK_2025_L142,紀仁安,0.0
HK_2025_L144,楊明綸,0.0
HK_2025_L145,,0.0
HK_2025_L145,楊明綸,0.0
HK_2025_L146,,0.0
HK_2025_L146,楊明綸,0.0
HK_2025_L147,梁家俊,0.0
HK_2025_L147,潘明輝,0.0
HK_2025_L148,,0.0
HK_2025_L148,何澤堯,0.0
HK_2025_L148,周俊樂,0.15
HK_2025_L148,潘明輝,0.0
HK_2025_L149,何澤堯,0.0
HK_2025_L149,梁家俊,0.0
HK_2025_L149,班德禮,0.0
HK_2025_L149,田泰安,0.15
HK_2025_L149,艾道拿,0.0
HK_2025_L149,霍宏聲,0.0
HK_2025_L150,希威森,0.0
HK_2025_L150,梁家俊,0.0
HK_2025_L150,楊明綸,0.0
HK_2025_L150,田泰安,0.0
HK_2025_L150,黃寶妮,0.0
HK_2025_L151,周俊樂,0.15
HK_2025_L151,奧爾民,0.0
HK_2025_L151,巫顯東,0.0
HK_2025_L151,希威森,0.0
HK_2025_L151,麥道朗,0.0
HK_2025_L152,,0.0
HK_2025_L152,周俊樂,0.0
HK_2025_L152,布文,0.0
HK_2025_L152,潘頓,0.15
HK_2025_L152,黃寶妮,0.0
HK_2025_L153,,0.0
HK_2025_L153,奧爾民,0.15
HK_2025_L153,潘頓,0.0
HK_2025_L153,田泰安,0.0
HK_2025_L153,艾兆禮,0.0
HK_2025_L154,,0.0
HK_2025_L155,,0.0
HK_2025_L155,奧爾民,0.0
HK_2025_L155,潘頓,0.15
HK_2025_L155,艾道拿,0.0
HK_2025_L156,,0.0
HK_2025_L156,奧爾民,0.0
HK_2025_L157,何澤堯,0.0
HK_2025_L157,田泰安,0.0
HK_2025_L157,鍾易禮,0.0
HK_2025_L157,黃寶妮,0.0
HK_2025_L158,,0.0
HK_2025_L158,田泰安,0.0
HK_2025_L159,潘頓,0.15
HK_2025_L159,艾道拿,0.0
HK_2025_L160,,0.0
HK_2025_L161,,0.0
HK_2025_L161,潘頓,0.0
HK_2025_L161,艾道拿,0.0
HK_2025_L162,,0.0
HK_2025_L162,梁家俊,0.0
HK_2025_L162,袁幸堯,0.0
HK_2025_L163,周俊樂,0.0
HK_2025_L163,奧爾民,0.0
HK_2025_L163,巴度,0.0
HK_2025_L163,艾兆禮,0.0
HK_2025_L163,鍾易禮,0.0
HK_2025_L164,,0.0
HK_2025_L165,布浩榮,0.0
HK_2025_L165,希威森,0.0
HK_2025_L165,潘明輝,0.0
HK_2025_L165,袁幸堯,0.0
HK_2025_L166,,0.0
HK_2025_L166,何澤堯,0.0
HK_2025_L166,奧爾民,0.0
HK_2025_L166,布浩榮,0.0
HK_2025_L166,潘明輝,0.0
HK_2025_L166,艾道拿,0.0
HK_2025_L167,,0.0
HK_2025_L167,希威森,0.0
HK_2025_L167,潘頓,0.0
HK_2025_L167,金誠剛,0.0
HK_2025_L168,周俊樂,0.0
HK_2025_L168,奧爾民,0.0
HK_2025_L168,巴度,0.0
HK_2025_L168,布浩榮,0.0
HK_2025_L168,潘明輝,0.0
HK_2025_L168,蔡明紹,0.0
HK_2025_L168,鍾易禮,0.0
HK_2025_L168,麥文堅,0.0
HK_2025_L169,巫顯東,0.0
HK_2025_L170,,0.0
HK_2025_L170,布文,0.0
HK_2025_L170,潘頓,0.0
HK_2025_L170,艾道拿,0.0
HK_2025_L170,麥文堅,0.0
HK_2025_L171,,0.0
HK_2025_L171,奧爾民,0.0
HK_2025_L171,布文,0.0
HK_2025_L171,潘明輝,0.15
HK_2025_L171,潘頓,0.0
HK_2025_L171,艾兆禮,0.0
HK_2025_L172,,0.0
HK_2025_L172,巴度,0.0
HK_2025_L172,楊明綸,0.0
HK_2025_L172,潘大衛,0.0
HK_2025_L172,莫雷拉,0.0
HK_2025_L172,黃智弘,0.0
HK_2025_L173,,0.0
HK_2025_L173,布文,0.0
HK_2025_L173,田泰安,0.0
HK_2025_L174,梁家俊,0.0
HK_2025_L174,潘明輝,0.0
HK_2025_L174,黃寶妮,0.0
HK_2025_L175,周俊樂,0.0
HK_2025_L175,潘明輝,0.0
HK_2025_L175,田泰安,0.0
HK_2025_L175,黃寶妮,0.0
HK_2025_L176,,0.0
HK_2025_L176,布文,0.0
HK_2025_L176,霍宏聲,0.0
HK_2025_L177,,0.0
HK_2025_L177,奧爾民,0.0
HK_2025_L178,,0.0
HK_2025_L178,奧爾民,0.0
HK_2025_L179,奧爾民,0.0
HK_2025_L179,潘頓,0.0
HK_2025_L180,,0.0
HK_2025_L180,巴度,0.0
HK_2025_L180,田泰安,0.0
HK_2025_L181,,0.0
HK_2025_L181,奧爾民,0.0
HK_2025_L181,布浩榮,0.0
HK_2025_L181,艾兆禮,0.0
HK_2025_L182,希威森,0.0
HK_2025_L182,霍宏聲,0.0
HK_2025_L183,,0.0
HK_2025_L183,潘頓,0.15
HK_2025_L184,周俊樂,0.0
HK_2025_L184,布文,0.0
HK_2025_L184,布浩榮,0.0
HK_2025_L184,梁家俊,0.0
HK_2025_L184,艾道拿,0.0
HK_2025_L184,蔡明紹,0.0
HK_2025_L184,薛凱華,0.0
HK_2025_L184,麥文堅,0.0
HK_2025_L185,,0.0
HK_2025_L185,希威森,0.0
HK_2025_L185,梁家俊,0.0
HK_2025_L186,巫顯東,0.0
HK_2025_L186,梁家俊,0.0
HK_2025_L186,楊明綸,0.0
HK_2025_L186,金誠剛,0.0
HK_2025_L186,黃智弘,0.0
HK_2025_L187,,0.0
HK_2025_L187,楊明綸,0.0
HK_2025_L187,田泰安,0.15
HK_2025_L188,奧爾民,0.0
HK_2025_L188,潘明輝,0.15
HK_2025_L189,,0.0
HK_2025_L189,布浩榮,0.0
HK_2025_L189,楊明綸,0.0
HK_2025_L189,班德禮,0.15
HK_2025_L189,霍宏聲,0.0
HK_2025_L189,黃智弘,0.0
HK_2025_L190,梁家俊,0.0
HK_2025_L191,,0.0
HK_2025_L192,,0.0
HK_2025_L192,麥文堅,0.0
HK_2025_L193,布浩榮,0.0
HK_2025_L193,艾兆禮,0.0
HK_2025_L193,蔡明紹,0.0
HK_2025_L193,鍾易禮,0.0
HK_2025_L193,霍宏聲,0.0
HK_2025_L194,布文,0.0
HK_2025_L194,袁幸堯,0.0
HK_2025_L194,金誠剛,0.0
HK_2025_L194,霍宏聲,0.0
HK_2025_L195,,0.0
HK_2025_L195,奧爾民,0.0
HK_2025_L195,潘頓,0.0
HK_2025_L196,潘明輝,0.0
HK_2025_L196,班德禮,0.0
HK_2025_L196,袁幸堯,0.15
HK_2025_L197,,0.0
HK_2025_L197,梁家俊,0.0
HK_2025_L197,霍宏聲,0.0
HK_2025_L198,,0.0
HK_2025_L198,蔡明紹,0.0
HK_2025_L199,何澤堯,0.0
HK_2025_L199,周俊樂,0.0
HK_2025_L199,希威森,0.0
HK_2025_L199,楊明綸,0.0
HK_2025_L200,,0.0
HK_2025_L200,鍾易禮,0.0
HK_2025_L201,,0.0
HK_2025_L201,班德禮,0.0
HK_2025_L201,金誠剛,0.0
HK_2025_L202,巴度,0.0
HK_2025_L202,梁家俊,0.15
HK_2025_L202,艾道拿,0.0
HK_2025_L204,袁幸堯,0.15
HK_2025_L205,,0.0
HK_2025_L205,奧爾民,0.0
HK_2025_L207,,0.0
HK_2025_L207,周俊樂,0.0
HK_2025_L207,希威森,0.15
HK_2025_L208,,0.0
HK_2025_L208,霍宏聲,0.0
HK_2025_L209,,0.0
HK_2025_L209,奧爾民,0.0
HK_2025_L209,巴度,0.0
HK_2025_L209,布文,0.0
HK_2025_L209,艾道拿,0.0
HK_2025_L210,潘頓,0.0
HK_2025_L210,艾道拿,0.15
HK_2025_L211,,0.0
HK_2025_L211,周俊樂,0.0
HK_2025_L211,潘頓,0.0
HK_2025_L211,霍宏聲,0.0
HK_2025_L212,,0.0
HK_2025_L212,艾兆禮,0.0
HK_2025_L213,,0.0
HK_2025_L213,布浩榮,0.0
HK_2025_L214,梁家俊,0.0
HK_2025_L214,楊明綸,0.0
HK_2025_L214,田泰安,0.0
HK_2025_L214,蔡明紹,0.0
HK_2025_L215,周俊樂,0.0
HK_2025_L215,田泰安,0.0
HK_2025_L215,艾兆禮,0.0
HK_2025_L216,班德禮,0.15
HK_2025_L217,,0.0
HK_2025_L218,,0.0
HK_2025_L218,布文,0.0
HK_2025_L218,潘明輝,0.0
HK_2025_L219,梁家俊,0.0
HK_2025_L219,田泰安,0.15
HK_2025_L219,蔡明紹,0.0
HK_2025_L220,奧爾民,0.0
HK_2025_L220,田泰安,0.0
HK_2025_L220,金誠剛,0.0
HK_2025_L221,,0.0
HK_2025_L221,希威森,0.0
HK_2025_L222,何澤堯,0.0
HK_2025_L222,周俊樂,0.0
HK_2025_L222,希威森,0.0
HK_2025_L222,潘頓,0.0
HK_2025_L222,金誠剛,0.0
HK_2025_L223,梁家俊,0.0
HK_2025_L223,潘明輝,0.15
HK_2025_L223,潘頓,0.0
HK_2025_L223,黃寶妮,0.0
HK_2025_L225,何澤堯,0.0
HK_2025_L225,周俊樂,0.0
HK_2025_L225,奧爾民,0.0
HK_2025_L225,希威森,0.0
HK_2025_L225,梁家俊,0.0
HK_2025_L225,楊明綸,0.0
HK_2025_L225,霍宏聲,0.0
HK_2025_L226,,0.0
HK_2025_L226,梁家俊,0.15
HK_2025_L227,,0.0
HK_2025_L227,周俊樂,0.0
HK_2025_L228,楊明綸,0.0
HK_2025_L228,金誠剛,0.0
HK_2025_L230,何澤堯,0.15
HK_2025_L230,奧爾民,0.15
HK_2025_L230,艾兆禮,0.15
HK_2025_L231,潘頓,0.0
HK_2025_L231,霍宏聲,0.0
HK_2025_L232,,0.0
HK_2025_L232,田泰安,0.15
HK_2025_L233,周俊樂,0.0
HK_2025_L233,潘頓,0.0
HK_2025_L233,麥道朗,0.0
HK_2025_L233,黃寶妮,0.0
HK_2025_L233,黃智弘,0.0
HK_2025_L234,鍾易禮,0.15
HK_2025_L235,,0.0
HK_2025_L235,巫顯東,0.0
HK_2025_L236,,0.0
HK_2025_L236,希威森,0.0
HK_2025_L238,何澤堯,0.0
HK_2025_L238,楊明綸,0.0
HK_2025_L238,田泰安,0.0
HK_2025_L239,,0.0
HK_2025_L240,希威森,0.0
HK_2025_L240,梁家俊,0.0
HK_2025_L240,潘頓,0.15
HK_2025_L240,艾兆禮,0.0
HK_2025_L240,鍾易禮,0.0
HK_2025_L240,麥文堅,0.0
HK_2025_L240,黃智弘,0.0
HK_2025_L241,,0.0
HK_2025_L241,布浩榮,0.0
HK_2025_L241,希威森,0.0
HK_2025_L241,麥道朗,0.0
HK_2025_L242,,0.0
HK_2025_L243,,0.0
HK_2025_L244,,0.0
HK_2025_L244,奧爾民,0.15
HK_2025_L245,,0.0
HK_2025_L245,布浩榮,0.15
HK_2025_L245,潘頓,0.0
HK_2025_L246,,0.0
HK_2025_L247,,0.0
HK_2025_L247,巫顯東,0.0
HK_2025_L247,潘明輝,0.0
HK_2025_L247,鍾易禮,0.0
HK_2025_L248,希威森,0.0
HK_2025_L248,艾兆禮,0.0
HK_2025_L248,霍宏聲,0.0
HK_2025_L249,巫顯東,0.0
HK_2025_L249,楊明綸,0.0
HK_2025_L249,蔡明紹,0.0
HK_2025_L250,,0.0
HK_2025_L251,,0.0
HK_2025_L253,,0.0
HK_2025_L254,,0.0
HK_2025_L254,希威森,0.0
HK_2025_L256,,0.0
HK_2025_L256,奧爾民,0.0
HK_2025_L256,潘明輝,0.0
HK_2025_L257,何澤堯,0.0
HK_2025_L257,梁家俊,0.0
HK_2025_L258,,0.0
HK_2025_L260,潘頓,0.0
HK_2025_L261,,0.0
HK_2025_L261,潘明輝,0.0
HK_2025_L261,金誠剛,0.0
HK_2025_L262,,0.0
HK_2025_L264,,0.0
HK_2025_L264,布文,0.15
HK_2025_L264,莫雷拉,0.15
HK_2025_L265,周俊樂,0.0
HK_2025_L265,梁家俊,0.0
HK_2025_L265,潘頓,0.15
HK_2025_L265,黃寶妮,0.0
HK_2025_L266,,0.0
HK_2025_L266,艾兆禮,0.0
HK_2025_L266,麥道朗,0.0
HK_2025_L267,巫顯東,0.0
HK_2025_L267,希威森,0.0
HK_2025_L267,潘明輝,0.0
HK_2025_L267,艾兆禮,0.0
HK_2025_L268,潘頓,0.0
HK_2025_L268,艾兆禮,0.0
HK_2025_L269,何澤堯,0.0
HK_2025_L269,班德禮,0.0
HK_2025_L269,田泰安,0.0
HK_2025_L269,鍾易禮,0.0
HK_2025_L270,,0.0
HK_2025_L270,布文,0.0
HK_2025_L270,潘明輝,0.0
HK_2025_L270,潘頓,0.0
HK_2025_L271,何澤堯,0.0
HK_2025_L271,鍾易禮,0.0
HK_2025_L272,,0.0
HK_2025_L273,,0.0
HK_2025_L273,巴度,0.0
HK_2025_L273,莫雷拉,0.0
HK_2025_L274,,0.0
HK_2025_L274,楊明綸,0.0
HK_2025_L274,艾道拿,0.0
HK_2025_L275,,0.0
HK_2025_L275,布文,0.0
HK_2025_L275,艾道拿,0.0
HK_2025_L275,莫雷拉,0.0
HK_2025_L276,,0.0
HK_2025_L276,潘頓,0.15
HK_2025_L277,奧爾民,0.0
HK_2025_L277,布文,0.0
HK_2025_L277,潘頓,0.0
HK_2025_L278,周俊樂,0.0
HK_2025_L278,布浩榮,0.0
HK_2025_L278,潘頓,0.0
HK_2025_L279,,0.0
HK_2025_L279,霍宏聲,0.0
HK_2025_L280,,0.0
HK_2025_L280,奧爾民,0.0
HK_2025_L281,,0.0
HK_2025_L281,布文,0.0
HK_2025_L281,袁幸堯,0.15
HK_2025_L282,梁家俊,0.0
HK_2025_L283,,0.0
HK_2025_L283,奧爾民,0.0
HK_2025_L283,布文,0.0
HK_2025_L284,巫顯東,0.0
HK_2025_L284,蔡明紹,0.0
HK_2025_L285,,0.0
HK_2025_L286,,0.0
HK_2025_L286,奧爾民,0.0
HK_2025_L287,,0.0
HK_2025_L287,周俊樂,0.0
HK_2025_L287,布文,0.0
HK_2025_L287,潘頓,0.15
HK_2025_L288,,0.0
HK_2025_L291,布文,0.0
HK_2025_L291,潘明輝,0.0
HK_2025_L292,,0.0
HK_2025_L293,何澤堯,0.15
HK_2025_L293,布文,0.0
HK_2025_L294,希威森,0.0
HK_2025_L294,田泰安,0.0
HK_2025_L295,,0.0
HK_2025_L295,何澤堯,0.0
HK_2025_L295,楊明綸,0.0
HK_2025_L296,巫顯東,0.0
HK_2025_L296,楊明綸,0.0
HK_2025_L296,田泰安,0.0
HK_2025_L296,蔡明紹,0.0
HK_2025_L297,,0.0
HK_2025_L297,周俊樂,0.0
HK_2025_L298,布浩榮,0.0
HK_2025_L298,潘明輝,0.0
HK_2025_L298,袁幸堯,0.0
HK_2025_L299,蔡明紹,0.0
HK_2025_L300,班德禮,0.0
HK_2025_L300,金誠剛,0.0
HK_2025_L301,,0.0
HK_2025_L301,艾道拿,0.15
HK_2025_L302,,0.0
HK_2025_L302,田泰安,0.0
HK_2025_L303,希威森,0.0
HK_2025_L303,鍾易禮,0.0
HK_2025_L305,楊明綸,0.0
HK_2025_L305,班德禮,0.0
HK_2025_L305,金誠剛,0.0
HK_2025_L305,黃智弘,0.0
HK_2025_L306,莫雷拉,0.0
HK_2025_L306,黃智弘,0.0
HK_2025_L307,,0.0
HK_2025_L307,潘明輝,0.0
HK_2025_L307,田泰安,0.0
HK_2025_L308,,0.0
HK_2025_L308,何澤堯,0.0
HK_2025_L308,莫雷拉,0.0
HK_2025_L309,,0.0
HK_2025_L310,,0.0
HK_2025_L310,周俊樂,0.15
HK_2025_L311,,0.0
HK_2025_L311,袁幸堯,0.15
HK_2025_L312,何澤堯,0.0
HK_2025_L313,巫顯東,0.0
HK_2025_L313,田泰安,0.0
HK_2025_L313,黃智弘,0.0
HK_2025_L314,,0.0
HK_2025_L314,楊明綸,0.0
HK_2025_L315,希威森,0.0
HK_2025_L316,何澤堯,0.0
HK_2025_L316,梁家俊,0.0
HK_2025_L316,田泰安,0.0
HK_2025_L316,蔡明紹,0.0
HK_2025_L317,,0.0
HK_2025_L317,艾兆禮,0.0
HK_2025_L317,袁幸堯,0.0
HK_2025_L318,,0.0
HK_2025_L319,希威森,0.0
HK_2025_L319,楊明綸,0.0
HK_2025_L320,,0.0
HK_2025_L320,蔡明紹,0.0
HK_2025_L322,奧爾民,0.15
HK_2025_L322,布文,0.15
HK_2025_L323,,0.0
HK_2025_L323,楊明綸,0.0
HK_2025_L323,潘頓,0.0
HK_2025_L324,,0.0
HK_2025_L325,布文,0.0
HK_2025_L325,田泰安,0.0
HK_2025_L325,艾道拿,0.0
HK_2025_L326,,0.0
HK_2025_L326,艾兆禮,0.0
HK_2025_L327,潘明輝,0.0
HK_2025_L328,潘頓,0.0
HK_2025_L328,班德禮,0.0
HK_2025_L328,艾道拿,0.0
HK_2025_L329,,0.0
HK_2025_L329,周俊樂,0.0
HK_2025_L329,潘頓,0.0
HK_2025_L329,艾道拿,0.0
HK_2025_L330,梁家俊,0.0
HK_2025_L330,鍾易禮,0.0
HK_2025_L331,布浩榮,0.0
HK_2025_L331,希威森,0.0
HK_2025_L331,艾道拿,0.0
HK_2025_L331,鍾易禮,0.0
HK_2025_L332,,0.0
HK_2025_L335,,0.0
HK_2025_L335,希威森,0.0
HK_2025_L336,,0.0
HK_2025_L336,布浩榮,0.0
HK_2025_L337,霍宏聲,0.0
HK_2025_L338,,0.0
HK_2025_L339,,0.0
HK_2025_L339,周俊樂,0.15
HK_2025_L339,布浩榮,0.0
HK_2025_L339,鍾易禮,0.0
HK_2025_L340,,0.0
HK_2025_L340,希威森,0.0
HK_2025_L341,,0.0
HK_2025_L341,潘頓,0.0
HK_2025_L342,,0.0
HK_2025_L343,,0.0
HK_2025_L344,,0.0
HK_2025_L344,奧爾民,0.0
HK_2025_L345,,0.0
HK_2025_L345,艾兆禮,0.0
HK_2025_L346,周俊樂,0.0
HK_2025_L346,田泰安,0.0
HK_2025_L347,,0.0
HK_2025_L347,周俊樂,0.0
HK_2025_L348,,0.0
HK_2025_L348,田泰安,0.0
HK_2025_L349,,0.0
HK_2025_L349,蔡明紹,0.0
HK_2025_L350,,0.0
HK_2025_L351,,0.0
HK_2025_L352,希威森,0.0
HK_2025_L352,田泰安,0.0
HK_2025_L353,金誠剛,0.0
HK_2025_L354,,0.0
HK_2025_L355,布文,0.0
HK_2025_L355,希威森,0.0
HK_2025_L355,田泰安,0.0
HK_2025_L356,,0.0
HK_2025_L357,,0.0
HK_2025_L358,,0.0
HK_2025_L359,潘明輝,0.0
HK_2025_L360,,0.0
HK_2025_L360,奧爾民,0.0
HK_2025_L361,,0.0
HK_2025_L362,,0.0
HK_2025_L362,巫顯東,0.0
HK_2025_L362,巴度,0.0
HK_2025_L362,蔡明紹,0.0
HK_2025_L363,,0.0
HK_2025_L364,何澤堯,0.0
HK_2025_L364,莫雷拉,0.0
HK_2025_L365,,0.0
HK_2025_L366,,0.0
HK_2025_L366,莫雷拉,0.0
HK_2025_L367,,0.0
HK_2025_L368,,0.0
HK_2025_L369,,0.0
HK_2025_L370,,0.0
HK_2025_L371,田泰安,0.0
HK_2025_L371,金誠剛,0.0
HK_2025_L372,艾道拿,0.0
HK_2025_L373,艾兆禮,0.0
HK_2025_L373,莫雷拉,0.0
HK_2025_L374,潘頓,0.0
HK_2025_L375,,0.0
HK_2025_L375,布文,0.0
HK_2025_L375,布浩榮,0.0
HK_2025_L376,,0.0
HK_2025_L377,田泰安,0.0
HK_2025_L378,,0.0
HK_2025_L379,,0.0
HK_2025_L379,布文,0.0
HK_2025_L379,布浩榮,0.0
HK_2025_L379,潘明輝,0.0
HK_2025_L380,,0.0
HK_2025_L381,巴度,0.0
HK_2025_L381,田泰安,0.0
HK_2025_L381,黃寶妮,0.0
HK_2025_L382,,0.0
HK_2025_L382,莫雷拉,0.0
HK_2025_L383,,0.0
HK_2025_L384,潘明輝,0.0
HK_2025_L384,黃寶妮,0.0
HK_2025_L385,,0.0
HK_2025_L385,楊明綸,0.0
HK_2025_L385,田泰安,0.0
HK_2025_L386,,0.0
HK_2025_L386,布浩榮,0.0
HK_2025_L386,梁家俊,0.0
HK_2025_L387,蔡明紹,0.0
HK_2025_L387,黃智弘,0.0
HK_2025_L388,,0.0
HK_2025_L390,,0.0
HK_2025_L391,布文,0.0
HK_2025_L391,霍宏聲,0.0
HK_2025_L392,楊明綸,0.0
HK_2025_L393,鍾易禮,0.0
HK_2025_L394,,0.0
HK_2025_L394,楊明綸,0.0
HK_2025_L394,蔡明紹,0.0
HK_2025_L395,,0.0
HK_2025_L396,希威森,0.0
HK_2025_L396,潘頓,0.0
HK_2025_L396,田泰安,0.0
HK_2025_L396,艾道拿,0.0
HK_2025_L397,希威森,0.0
HK_2025_L397,潘明輝,0.0
HK_2025_L397,袁幸堯,0.0
HK_2025_L397,金誠剛,0.0
HK_2025_L398,潘明輝,0.0
HK_2025_L399,,0.0
HK_2025_L399,周俊樂,0.0
HK_2025_L400,,0.0
HK_2025_L401,奧爾民,0.0
HK_2025_L402,奧爾民,0.0
HK_2025_L403,,0.0
HK_2025_L404,,0.0
HK_2025_L405,,0.0
HK_2025_L406,,0.0
HK_2025_L407,,0.0
HK_2025_L409,,0.0
HK_2025_L409,黃寶妮,0.0
HK_2025_L410,,0.0
HK_2025_L410,奧爾民,0.0
HK_2025_L411,巴度,0.15
HK_2025_L412,,0.0
HK_2025_L413,,0.0
HK_2025_L413,田泰安,0.0
HK_2025_L414,,0.0
HK_2025_L415,何澤堯,0.0
HK_2025_L415,巴度,0.0
HK_2025_L416,,0.0
HK_2025_L417,,0.0
HK_2025_L417,艾道拿,0.0
HK_2025_L418,,0.0
HK_2025_L419,艾兆禮,0.0
HK_2025_L420,布文,0.0
HK_2025_L420,艾兆禮,0.0
HK_2025_L421,,0.0
HK_2025_L422,,0.0
HK_2025_L423,,0.0
HK_2025_L424,,0.0
HK_2025_L425,,0.0
HK_2025_L426,潘明輝,0.0
HK_2025_L427,,0.0
HK_2025_L428,希威森,0.0
HK_2025_L428,潘頓,0.0
HK_2025_L428,黃智弘,0.0
HK_2025_L429,,0.0
HK_2025_L430,,0.0
HK_2025_L431,,0.0
HK_2025_L432,,0.0
HK_2025_L433,,0.0
HK_2025_L434,,0.0
HK_2025_L434,潘明輝,0.0
HK_2025_L435,,0.0
HK_2025_L436,,0.0
HK_2025_L437,,0.0
HK_2025_L438,,0.0
HK_2025_L439,,0.0
HK_2025_L440,,0.0
HK_2025_L441,,0.0
HK_2025_L441,艾道拿,0.15
HK_2025_L443,艾兆禮,0.0
HK_2025_L444,,0.0
HK_2025_L445,,0.0
HK_2025_L446,潘頓,0.0
HK_2025_L446,田泰安,0.0
HK_2025_L447,,0.0
HK_2025_L448,,0.0
HK_2025_L449,,0.0
HK_2025_L450,,0.0
HK_2025_L451,,0.0
HK_2025_L452,,0.0
HK_2025_L453,,0.0
HK_2025_L454,,0.0
HK_2025_L455,,0.0
HK_2025_L456,,0.0
HK_2025_L457,,0.0
HK_2025_L458,,0.0
HK_2025_L459,,0.0
HK_2025_L460,,0.0
HK_2025_L461,,0.0
HK_2025_L461,布浩榮,0.0
HK_2025_L462,,0.0
HK_2025_L463,,0.0
HK_2025_L464,楊明綸,0.0
HK_2025_L465,,0.0
HK_2025_L466,,0.0
HK_2025_L467,,0.0
HK_2025_L468,,0.0
HK_2025_L469,,0.0
HK_2025_L470,,0.0
HK_2025_L471,,0.0
HK_2025_L472,,0.0
HK_2025_L473,,0.0
HK_2025_L474,,0.0
HK_2025_L475,,0.0
HK_2025_L476,,0.0
HK_2025_L477,,0.0
HK_2025_L478,,0.0
HK_2025_L479,,0.0
HK_2025_L480,,0.0
HK_2025_L481,鍾易禮,0.0
HK_2025_L482,,0.0
HK_2025_L483,,0.0
HK_2025_L484,,0.0
HK_2025_L485,,0.0
HK_2025_L486,,0.0
HK_2025_L487,,0.0
HK_2025_L488,,0.0
HK_2025_L489,,0.0
HK_2025_L490,,0.0
HK_2025_L491,,0.0
HK_2025_L492,,0.0
HK_2025_L493,,0.0
HK_2025_L494,,0.0
HK_2025_L495,,0.0
HK_2025_L496,,0.0
HK_2025_L497,,0.0
HK_2025_L498,,0.0
HK_2025_L499,,0.0
HK_2025_L500,,0.0
HK_2025_L501,,0.0
HK_2025_L502,,0.0
HK_2025_L503,,0.0
HK_2025_L504,,0.0
HK_2025_L505,,0.0
HK_2025_L506,,0.0
HK_2025_L507,,0.0
HK_2025_L508,,0.0
HK_2025_L509,,0.0
HK_2025_L510,,0.0
HK_2025_L511,,0.0
HK_2025_L512,,0.0
HK_2025_L513,,0.0
HK_2025_L514,,0.0
HK_2025_L515,,0.0
HK_2025_L516,,0.0
HK_2025_L517,,0.0
HK_2025_L518,,0.0
HK_2025_L519,,0.0
HK_2025_L520,,0.0
HK_2025_L521,,0.0
HK_2025_L522,,0.0
HK_2025_L523,,0.0
HK_2025_L524,,0.0
HK_2025_L525,,0.0
HK_2025_L526,,0.0
HK_2025_L527,,0.0
HK_2025_L528,,0.0
HK_2025_L529,,0.0
HK_2025_L530,,0.0
HK_2025_L531,,0.0
HK_2025_L532,,0.0
HK_2025_L533,,0.0
HK_2025_L534,,0.0
HK_2025_L535,,0.0
HK_2025_L536,,0.0
HK_2025_L537,,0.0
HK_2025_L538,,0.0
HK_2025_L539,,0.0
HK_2025_L540,,0.0
HK_2025_L541,,0.0
HK_2025_L542,,0.0
HK_2025_L543,,0.0
HK_2025_L544,,0.0
HK_2025_L545,,0.0
HK_2025_L546,,0.0
HK_2025_L548,,0.0
HK_2025_L549,,0.0
HK_2025_L550,,0.0
HK_2025_L551,,0.0
HK_2025_L552,,0.0
HK_2025_L553,,0.0
HK_2025_L554,,0.0
HK_2025_L555,,0.0
HK_2025_L556,,0.0
HK_2025_L557,,0.0
HK_2025_L558,,0.0
HK_2025_L559,,0.0
HK_2025_L560,,0.0
HK_2025_L561,,0.0
HK_2025_L562,,0.0
HK_2025_L563,,0.0
HK_2025_L564,,0.0
HK_2025_L565,,0.0
HK_2025_L566,,0.0
HK_2025_L567,,0.0
HK_2025_L568,,0.0
HK_2025_L569,,0.0
HK_2025_L570,,0.0
HK_2025_L571,,0.0
HK_2025_L572,,0.0
HK_2025_L573,,0.0
HK_2025_L574,,0.0
HK_2025_L575,,0.0
HK_2025_L576,,0.0
HK_2025_L577,,0.0
HK_2025_L578,,0.0
HK_2025_L579,,0.0
HK_2025_L580,,0.0
HK_2026_J313,,0.0
HK_2026_M001,,0.0
HK_2026_M002,,0.0
HK_2026_M003,,0.0
HK_2026_M004,,0.0
HK_2026_M005,,0.0
HK_2026_M006,,0.0
HK_2026_M007,,0.0
HK_2026_M008,,0.0
HK_2026_M009,,0.0
HK_2026_M010,,0.0
HK_2026_M011,,0.0
HK_2026_M012,,0.0
HK_2026_M013,,0.0
HK_2026_M014,,0.0
HK_2026_M015,,0.0
HK_2026_M016,,0.0
HK_2026_M017,,0.0
HK_2026_M018,,0.0
HK_2026_M019,,0.0
HK_2026_M020,,0.0
HK_2026_M021,,0.0
HK_2026_M022,,0.0
HK_2026_M023,,0.0
HK_2026_M024,,0.0
HK_2026_M025,,0.0
HK_2026_M026,,0.0
HK_2026_M027,,0.0
HK_2026_M028,,0.0
HK_2026_M029,,0.0
HK_2026_M031,,0.0
HK_2026_M032,,0.0
HK_2026_M033,,0.0
HK_2026_M034,,0.0
HK_2026_M035,,0.0
HK_2026_M036,,0.0
HK_2026_M037,,0.0
HK_2026_M038,,0.0
HK_2026_M039,,0.0
HK_2026_M040,,0.0
HK_2026_M041,,0.0
HK_2026_M042,,0.0
HK_2026_M043,,0.0
HK_2026_M044,,0.0
HK_2026_M045,,0.0
HK_2026_M046,,0.0
HK_2026_M047,,0.0
HK_2026_M048,,0.0
HK_2026_M049,,0.0
HK_2026_M050,,0.0
HK_2026_M051,,0.0
HK_2026_M052,,0.0
HK_2026_M053,,0.0
HK_2026_M054,,0.0
HK_2026_M055,,0.0
HK_2026_M056,,0.0
HK_2026_M057,,0.0
HK_2026_M058,,0.0
HK_2026_M059,,0.0
HK_2026_M060,,0.0
HK_2026_M061,,0.0
HK_2026_M062,,0.0
HK_2026_M063,,0.0
HK_2026_M064,,0.0
HK_2026_M065,,0.0
HK_2026_M066,,0.0
HK_2026_M067,,0.0
HK_2026_M068,,0.0
HK_2026_M069,,0.0
HK_2026_M070,,0.0
HK_2026_M071,,0.0
HK_2026_M072,,0.0
HK_2026_M073,,0.0
HK_2026_M074,,0.0
HK_2026_M075,,0.0
HK_2026_M076,,0.0
HK_2026_M077,,0.0
HK_2026_M078,,0.0
HK_2026_M079,,0.0
HK_2026_M080,,0.0
HK_2026_M081,,0.0
HK_2026_M082,,0.0
HK_2026_M083,,0.0
HK_2026_M084,,0.0
HK_2026_M085,,0.0
HK_2026_M086,,0.0
HK_2026_M087,,0.0
HK_2026_M088,,0.0
HK_2026_M089,,0.0
HK_2026_M090,,0.0
HK_2026_M091,,0.0
HK_2026_M092,,0.0
HK_2026_M093,,0.0
HK_2026_M094,,0.0
HK_2026_M095,,0.0
HK_2026_M096,,0.0
HK_2026_M097,,0.0
HK_2026_M098,,0.0
HK_2026_M099,,0.0
HK_2026_M100,,0.0
HK_2026_M101,,0.0
HK_2026_M102,,0.0
HK_2026_M103,,0.0
HK_2026_M104,,0.0
HK_2026_M105,,0.0
HK_2026_M106,,0.0
HK_2026_M107,,0.0
HK_2026_M108,,0.0
HK_2026_M109,,0.0
HK_2026_M110,,0.0
HK_2026_M111,,0.0
HK_2026_M112,,0.0
HK_2026_M113,,0.0
HK_2026_M114,,0.0
HK_2026_M115,,0.0
HK_2026_M116,,0.0
HK_2026_M117,,0.0
HK_2026_M118,,0.0
HK_2026_M119,,0.0
HK_2026_M120,,0.0
HK_2026_M121,,0.0
HK_2026_M122,,0.0
HK_2026_M123,,0.0
HK_2026_M124,,0.0
HK_2026_M125,,0.0
HK_2026_M126,,0.0
HK_2026_M127,,0.0
HK_2026_M128,,0.0
HK_2026_M129,,0.0
HK_2026_M130,,0.0
HK_2026_M131,,0.0
HK_2026_M132,,0.0
HK_2026_M133,,0.0
HK_2026_M134,,0.0
HK_2026_M135,,0.0
HK_2026_M136,,0.0
HK_2026_M137,,0.0
HK_2026_M138,,0.0
HK_2026_M139,,0.0
HK_2026_M140,,0.0
HK_2026_M141,,0.0
HK_2026_M142,,0.0
HK_2026_M143,,0.0
HK_2026_M144,,0.0
HK_2026_M145,,0.0
HK_2026_M146,,0.0
HK_2026_M147,,0.0
HK_2026_M148,,0.0
HK_2026_M149,,0.0
HK_2026_M150,,0.0
HK_2026_M151,,0.0
HK_2026_M152,,0.0
HK_2026_M153,,0.0
HK_2026_M154,,0.0
HK_2026_M155,,0.0
HK_2026_M156,,0.0
HK_2026_M157,,0.0
HK_2026_M158,,0.0
HK_2026_M159,,0.0
HK_2026_M160,,0.0
HK_2026_M161,,0.0
HK_2026_M162,,0.0
HK_2026_M163,,0.0
HK_2026_M164,,0.0
HK_2026_M165,,0.0
HK_2026_M166,,0.0
HK_2026_M167,,0.0
HK_2026_M168,,0.0
HK_2026_M169,,0.0
HK_2026_M170,,0.0
HK_2026_M171,,0.0
HK_2026_M172,,0.0
HK_2026_M173,,0.0
HK_2026_M174,,0.0
HK_2026_M175,,0.0
HK_2026_M176,,0.0
HK_2026_M177,,0.0
HK_2026_M178,,0.0
HK_2026_M179,,0.0
HK_2026_M180,,0.0
HK_2026_M181,,0.0
HK_2026_M182,,0.0
HK_2026_M183,,0.0
HK_2026_M184,,0.0
HK_2026_M185,,0.0
HK_2026_M186,,0.0
HK_2026_M187,,0.0
HK_2026_M188,,0.0
HK_2026_M189,,0.0
HK_2026_M190,,0.0
HK_2026_M191,,0.0
HK_2026_M192,,0.0
HK_2026_M193,,0.0
HK_2026_M194,,0.0
HK_2026_M195,,0.0
HK_2026_M196,,0.0
HK_2026_M197,,0.0
HK_2026_M198,,0.0
HK_2026_M199,,0.0
HK_2026_M200,,0.0
HK_2026_M201,,0.0
HK_2026_M202,,0.0
HK_2026_M203,,0.0
HK_2026_M204,,0.0
HK_2026_M205,,0.0
HK_2026_M206,,0.0
HK_2026_M207,,0.0
HK_2026_M208,,0.0
HK_2026_M209,,0.0
HK_2026_M211,,0.0
HK_2026_M212,,0.0
HK_2026_M213,,0.0
HK_2026_M214,,0.0
HK_2026_M215,,0.0
HK_2026_M216,,0.0
HK_2026_M217,,0.0
HK_2026_M218,,0.0
HK_2026_M219,,0.0
HK_2026_M220,,0.0
HK_2026_M221,,0.0
HK_2026_M222,,0.0
HK_2026_M223,,0.0
HK_2026_M224,,0.0
HK_2026_M225,,0.0
HK_2026_M226,,0.0
HK_2026_M227,,0.0
HK_2026_M228,,0.0
HK_2026_M229,,0.0
HK_2026_M230,,0.0
HK_2026_M231,,0.0
HK_2026_M232,,0.0
HK_2026_M233,,0.0
HK_2026_M234,,0.0
HK_2026_M235,,0.0
HK_2026_M236,,0.0
HK_2026_M237,,0.0
HK_2026_M238,,0.0
HK_2026_M239,,0.0
HK_2026_M240,,0.0
